-- phpMyAdmin SQL Dump
-- version 5.2.0
-- https://www.phpmyadmin.net/
--
-- Host: 127.0.0.1
-- Waktu pembuatan: 15 Jul 2023 pada 13.05
-- Versi server: 10.4.24-MariaDB
-- Versi PHP: 8.0.19

SET SQL_MODE = "NO_AUTO_VALUE_ON_ZERO";
START TRANSACTION;
SET time_zone = "+00:00";


/*!40101 SET @OLD_CHARACTER_SET_CLIENT=@@CHARACTER_SET_CLIENT */;
/*!40101 SET @OLD_CHARACTER_SET_RESULTS=@@CHARACTER_SET_RESULTS */;
/*!40101 SET @OLD_COLLATION_CONNECTION=@@COLLATION_CONNECTION */;
/*!40101 SET NAMES utf8mb4 */;

--
-- Database: `soal_api`
--

-- --------------------------------------------------------

--
-- Struktur dari tabel `questionbank`
--

CREATE TABLE `questionbank` (
  `id` bigint(20) UNSIGNED NOT NULL,
  `subject_id` bigint(20) UNSIGNED NOT NULL,
  `topic_id` bigint(20) UNSIGNED NOT NULL,
  `question_tags` varchar(255) COLLATE utf8_unicode_ci NOT NULL,
  `slug` varchar(255) COLLATE utf8_unicode_ci NOT NULL,
  `question_type` enum('radio','checkbox','descriptive','blanks','match','para','video','audio') COLLATE utf8_unicode_ci NOT NULL DEFAULT 'radio',
  `question` text COLLATE utf8_unicode_ci NOT NULL,
  `question_file` varchar(255) COLLATE utf8_unicode_ci NOT NULL,
  `question_file_is_url` tinyint(1) NOT NULL DEFAULT 0,
  `total_answers` int(10) UNSIGNED NOT NULL,
  `answers` text COLLATE utf8_unicode_ci NOT NULL,
  `total_correct_answers` int(11) NOT NULL DEFAULT 1,
  `correct_answers` text COLLATE utf8_unicode_ci NOT NULL,
  `marks` int(10) UNSIGNED NOT NULL,
  `time_to_spend` int(11) NOT NULL DEFAULT 1,
  `difficulty_level` enum('easy','medium','hard') COLLATE utf8_unicode_ci NOT NULL DEFAULT 'easy',
  `hint` varchar(250) COLLATE utf8_unicode_ci NOT NULL,
  `explanation` text COLLATE utf8_unicode_ci NOT NULL,
  `explanation_file` varchar(50) COLLATE utf8_unicode_ci DEFAULT NULL,
  `status` tinyint(4) NOT NULL DEFAULT 1,
  `created_at` timestamp NULL DEFAULT NULL,
  `updated_at` timestamp NULL DEFAULT NULL,
  `question_l2` text COLLATE utf8_unicode_ci DEFAULT NULL,
  `explanation_l2` text COLLATE utf8_unicode_ci DEFAULT NULL,
  `user_submitted` text COLLATE utf8_unicode_ci DEFAULT NULL
) ENGINE=InnoDB DEFAULT CHARSET=utf8 COLLATE=utf8_unicode_ci ROW_FORMAT=DYNAMIC;

--
-- Dumping data untuk tabel `questionbank`
--

INSERT INTO `questionbank` (`id`, `subject_id`, `topic_id`, `question_tags`, `slug`, `question_type`, `question`, `question_file`, `question_file_is_url`, `total_answers`, `answers`, `total_correct_answers`, `correct_answers`, `marks`, `time_to_spend`, `difficulty_level`, `hint`, `explanation`, `explanation_file`, `status`, `created_at`, `updated_at`, `question_l2`, `explanation_l2`, `user_submitted`) VALUES
(1, 2, 2, '', '9b93bb35ab122b1e8485c6e4bfa70b274db48f96', 'radio', '<p>What is the capital of India</p>\r\n', '', 0, 2, '[{\"option_value\":\"Delhi\",\"optionl2_value\":\"\\u0926\\u092f\\u093e\\u0930\\u093e\\u092e \\u0938\\u093e\\u0939\\u0928\\u0940\",\"has_file\":0,\"file_name\":\"\"},{\"option_value\":\"Panjab\",\"optionl2_value\":\"\\u0930\\u093e\\u0916\\u0932\\u0926\\u093e\\u0938 \\u092c\\u0928\\u0930\\u094d\\u091c\\u0940\",\"has_file\":0,\"file_name\":\"\"}]', 1, '1', 2, 30, 'easy', 'no hint', '<p>no Explanatio</p>\r\n', NULL, 1, '2018-04-03 09:45:51', '2018-04-03 09:49:04', '<p>&nbsp;हड़प्पा सभ्यता की खोज किसने की थी ?</p>\r\n', '<p>&nbsp;हड़प्पा सभ्यता की खोज किसने की थी ?</p>\r\n', NULL),
(2, 2, 2, '', 'c612bf1478092ccc76b779104e84c88340541c67-1', 'radio', '<p>The nucleus of an atom consists of</p>\r\n', '', 0, 2, '[{\"option_value\":\"electrons and neutrons\",\"optionl2_value\":\"\\u092c\\u093f\\u0928\\u094d\\u0926\\u0941\\u0938\\u093e\\u0930\",\"has_file\":0,\"file_name\":\"\"},{\"option_value\":\"electrons and protons\",\"optionl2_value\":\"\\u0905\\u0936\\u094b\\u0915\",\"has_file\":0,\"file_name\":\"\"}]', 1, '1', 2, 30, 'easy', 'no hint', '<p>no Explanatio</p>\r\n', NULL, 1, '2018-04-03 09:45:51', '2018-04-03 09:50:18', '<p>वह शासक जिसने एक सच्चे जैन मुनि की तरह उपवास के द्वार शरीर त्याग दिया कौन था ?</p>\r\n', '<p>वह शासक जिसने एक सच्चे जैन मुनि की तरह उपवास के द्वार शरीर त्याग दिया कौन था ?</p>\r\n', NULL),
(3, 2, 2, '', 'fba38a378a6aaef9c1b444cd6af699758f7bb470-2', 'radio', '<p>The number of moles of solute present in 1 kg of a solvent is called its</p>\r\n', '', 0, 2, '[{\"option_value\":\"molality\",\"optionl2_value\":\" \\u092e\\u0941\\u0939\\u092e\\u094d\\u092e\\u0926 \\u0917\\u094c\\u0930\\u0940 \\u0914\\u0930 \\u092d\\u0940\\u092e\",\"has_file\":0,\"file_name\":\"\"},{\"option_value\":\"normality\\u00a0\\u00a0\\u00a0\",\"optionl2_value\":\"\\u092e\\u0941\\u0939\\u092e\\u094d\\u092e\\u0926 \\u0917\\u094c\\u0930\\u0940 \\u0914\\u0930 \\u092a\\u0943\\u0925\\u094d\\u0935\\u0940\\u0930\\u093e\\u091c \\u0924\\u0943\\u0924\\u0940\\u092f\",\"has_file\":0,\"file_name\":\"\"}]', 1, '1', 2, 30, 'easy', 'no hint', '<p>no Explanatio</p>\r\n', NULL, 1, '2018-04-03 09:45:51', '2018-04-03 09:51:18', '<p>&nbsp;तराइन का प्रथम युद्ध (1191 ई.) किसके मध्य लड़ा गया ?</p>\r\n', '<p>&nbsp;तराइन का प्रथम युद्ध (1191 ई.) किसके मध्य लड़ा गया ?</p>\r\n', NULL),
(4, 2, 2, '', '4202db71d02b8c3858e9c089bb0399cad753739f-3', 'radio', '<p>The most electronegative element among the following is</p>\r\n', '', 0, 2, '[{\"option_value\":\"sodium\",\"optionl2_value\":\"\\u092e\\u0941\\u0930\\u094d\\u0936\\u093f\\u0926 \\u0915\\u0941\\u0932\\u0940 \\u0916\\u093e\\u0901\",\"has_file\":0,\"file_name\":\"\"},{\"option_value\":\"bromine\",\"optionl2_value\":\"\\u0938\\u0906\\u0926\\u0924 \\u0916\\u093e\\u0901\",\"has_file\":0,\"file_name\":\"\"}]', 1, '1', 2, 30, 'easy', 'no hint', '<p>no Explanatio</p>\r\n', NULL, 1, '2018-04-03 09:45:51', '2018-04-03 09:52:02', '<p>बंगाल को मुगल साम्राज्य से पृथक् कर स्वतन्त्र किया ?</p>\r\n\r\n<ul>\r\n</ul>\r\n', '<p>बंगाल को मुगल साम्राज्य से पृथक् कर स्वतन्त्र किया ?</p>\r\n\r\n<ul>\r\n</ul>\r\n', NULL),
(5, 2, 2, '', 'eb5fc6099342897f444213b3bc1ce66edaaad5bc-4', 'radio', '<p>The metal used to recover copper from a solution of copper sulphate is</p>\r\n', '', 0, 2, '[{\"option_value\":\"Na\",\"optionl2_value\":\"1853 \\u0908. \\u092e\\u0947\\u0902\",\"has_file\":0,\"file_name\":\"\"},{\"option_value\":\"Ag\",\"optionl2_value\":\"1856 \\u0908. \\u092e\\u0947\\u0902\",\"has_file\":0,\"file_name\":\"\"}]', 1, '1', 2, 30, 'easy', 'no hint', '<p>no Explanatio</p>\r\n', NULL, 1, '2018-04-03 09:45:51', '2018-04-03 09:52:50', '<p>विधवा पुनर्विवाह कानून कब बना ?</p>\r\n', '<p>विधवा पुनर्विवाह कानून कब बना ?</p>\r\n', NULL),
(6, 2, 2, '', '94626897f6e3f6a11eed285f806426914b85e025-5', 'radio', '<p>The metallurgical process in which a metal is obtained in a fused state is called</p>\r\n', '', 0, 2, '[{\"option_value\":\"smelting\",\"optionl2_value\":\" 1877 \\u0908. \\u092e\\u0947\\u0902 \\u092c\\u093e\\u0926\",\"has_file\":0,\"file_name\":\"\"},{\"option_value\":\"roasting\",\"optionl2_value\":\"1833 \\u0908. \\u092e\\u0947\\u0902 \\u092c\\u093e\\u0926\",\"has_file\":0,\"file_name\":\"\"}]', 1, '1', 2, 30, 'easy', 'no hint', '<p>no Explanatio</p>\r\n', NULL, 1, '2018-04-03 09:45:51', '2018-04-03 09:54:01', '<p>अंग्रेजों ने &#39;फूट डालो और शासन करो&#39; की नीति कब अपनाई ?</p>\r\n', '<p>अंग्रेजों ने &#39;फूट डालो और शासन करो&#39; की नीति कब अपनाई ?</p>\r\n', NULL),
(7, 2, 2, '', '9f0b0e9d1aff6878bec8ea80484dabfb4e5440a8-6', 'radio', '<p>The molecules of which gas have highest speed?</p>\r\n', '', 0, 2, '[{\"option_value\":\"Thrust\",\"optionl2_value\":\"\\u091a\\u093e\\u0930 \\u0935\\u0930\\u094d\\u0937\",\"has_file\":0,\"file_name\":\"\"},{\"option_value\":\"Pressure\",\"optionl2_value\":\" \\u0938\\u093e\\u0924 \\u0935\\u0930\\u094d\\u0937\",\"has_file\":0,\"file_name\":\"\"}]', 1, '1', 2, 30, 'easy', 'no hint', '<p>no Explanatio</p>\r\n', NULL, 1, '2018-04-03 09:45:51', '2018-04-03 12:13:52', '<p>इंगलैण्ड में गृहयुद्ध कितने वर्षों तक चला था ?</p>\r\n', '<p>इंगलैण्ड में गृहयुद्ध कितने वर्षों तक चला था ?</p>\r\n', NULL),
(8, 2, 2, '', '26a30612ef5d440610b79050800a6a045ec466f5-7', 'radio', '<p>The main buffer system of the human blood is</p>\r\n', '', 0, 2, '[{\"option_value\":\"H2CO3 - HCO3\",\"optionl2_value\":\"\\u092a\\u0936\\u094d\\u091a\\u093f\\u092e \\u090f\\u0936\\u093f\\u092f\\u093e \\u0938\\u0947\",\"has_file\":0,\"file_name\":\"\"},{\"option_value\":\"H2CO3 - CO32-\",\"optionl2_value\":\" \\u092a\\u0942\\u0930\\u094d\\u0935 \\u090f\\u0936\\u093f\\u092f\\u093e \\u0938\\u0947\",\"has_file\":0,\"file_name\":\"\"}]', 1, '1', 2, 30, 'easy', 'no hint', '<p>no Explanatio</p>\r\n', NULL, 1, '2018-04-03 09:45:51', '2018-04-03 09:56:02', '<p>&nbsp;आर्य भारत में कहाँ से आए थे ?</p>\r\n', '<p>&nbsp;आर्य भारत में कहाँ से आए थे ?</p>\r\n', NULL),
(9, 2, 2, '', 'f6b226cb19048c5a554f7f64f6f9117135cede03-8', 'radio', '<p>The most commonly used bleaching agent is</p>\r\n', '', 0, 2, '[{\"option_value\":\"will overflow\",\"optionl2_value\":\"\\u0938\\u093f\\u0928\\u094d\\u0927\\u0941 \\u0918\\u093e\\u091f\\u0940 \\u0905\\u0935\\u0927\\u093f \\u092e\\u0947\\u0902\",\"has_file\":0,\"file_name\":\"\"},{\"option_value\":\"depressed\",\"optionl2_value\":\" \\u0926\\u094d\\u0930\\u0935\\u093f\\u095c \\u0905\\u0935\\u0927\\u093f \\u092e\\u0947\\u0902\",\"has_file\":0,\"file_name\":\"\"}]', 1, '1', 2, 30, 'easy', 'no hint', '<p>no Explanatio</p>\r\n', NULL, 1, '2018-04-03 09:45:51', '2018-04-03 12:15:06', '<p>किस अवधि में रामायण एवं महाभारत की रचना हुई थी ?</p>\r\n\r\n<ul>\r\n</ul>\r\n', '<p>किस अवधि में रामायण एवं महाभारत की रचना हुई थी ?</p>\r\n\r\n<ul>\r\n</ul>\r\n', NULL),
(10, 2, 2, '', 'f1b7e65c211e4f866c9c66eb0e8faaae87a4888d-9', 'radio', '<p>The nucleus of a hydrogen atom consists of</p>\r\n', '', 0, 2, '[{\"option_value\":\"1 proton only\",\"optionl2_value\":\"\\u0939\\u0930\\u094d\\u0937\\u0935\\u0930\\u094d\\u0927\\u0928\",\"has_file\":0,\"file_name\":\"\"},{\"option_value\":\"1 proton + 2 neutron\",\"optionl2_value\":\"\\u091a\\u0928\\u094d\\u0926\\u094d\\u0930\\u0917\\u0941\\u092a\\u094d\\u0924\",\"has_file\":0,\"file_name\":\"\"}]', 1, '1', 2, 30, 'easy', 'no hint', '<p>no Explanatio</p>\r\n', NULL, 1, '2018-04-03 09:45:51', '2018-04-03 09:57:42', '<p>&nbsp;गुप्त समाज की स्थापना किसने की थी ?</p>\r\n', '<p>&nbsp;गुप्त समाज की स्थापना किसने की थी ?</p>\r\n', NULL),
(11, 2, 2, '', '77dc7cf617c746e64c1a464c4b9dc7ac49c84141-10', 'radio', '<p>The heat required to raise the temperature of body by 1 K is called</p>\r\n', '', 0, 2, '[{\"option_value\":\"specific heat\",\"optionl2_value\":\"\\u0935\\u0948\\u0917\\u094d\\u092e \\u0916\\u093e\\u0928 \\u0914\\u0930 \\u0939\\u0947\\u092e\\u0942\",\"has_file\":0,\"file_name\":\"\"},{\"option_value\":\"thermal capacity\",\"optionl2_value\":\"\\u0905\\u0915\\u0935\\u0930 \\u0914\\u0930 \\u092e\\u093f\\u0930\\u094d\\u091c\\u093e \\u0939\\u0915\\u0940\\u092e\",\"has_file\":0,\"file_name\":\"\"}]', 1, '1', 2, 30, 'easy', 'no hint', '<p>no Explanatio</p>\r\n', NULL, 1, '2018-04-03 09:45:51', '2018-04-03 09:58:52', '<p>पानीपत की दूसरी लड़ाई किनके बीच हुई थी ?</p>\r\n', '<p>पानीपत की दूसरी लड़ाई किनके बीच हुई थी ?</p>\r\n', NULL),
(12, 2, 2, '', '62bc02915f85098e96701c72542096201a564e20-11', 'radio', '<p>The nuclear particles which are assumed to hold the nucleons together are</p>\r\n', '', 0, 2, '[{\"option_value\":\"electrons\",\"optionl2_value\":\" \\u0905\\u092b\\u0917\\u093e\\u0928\\u093f\\u0938\\u094d\\u0924\\u093e\\u0928\",\"has_file\":0,\"file_name\":\"\"},{\"option_value\":\"positrons\",\"optionl2_value\":\"\\u0907\\u0930\\u093e\\u0915\",\"has_file\":0,\"file_name\":\"\"}]', 1, '1', 2, 30, 'easy', 'no hint', '<p>no Explanatio</p>\r\n', NULL, 1, '2018-04-03 09:45:51', '2018-04-03 09:59:36', '<p>&nbsp;अफगानिस्तान&nbsp;मुहम्मद गौरी कहाँ का शासक था ?</p>\r\n\r\n<ul>\r\n</ul>\r\n', '', NULL),
(13, 2, 2, '', '7c5c5c441dcc816091168023b211785e55a9e24f-12', 'radio', '<p>The octane number of zero is assigned to</p>\r\n', '', 0, 2, '[{\"option_value\":\"2-methyl octane\",\"optionl2_value\":\"\\u0935\\u093e\\u091c\\u0940\\u0930\\u093e\\u0935 \\u092a\\u0947\\u0936\\u0935\\u093e\",\"has_file\":0,\"file_name\":\"\"},{\"option_value\":\"n-heptane\",\"optionl2_value\":\" \\u0928\\u093e\\u0928\\u093e \\u0938\\u093e\\u0939\\u092c\",\"has_file\":0,\"file_name\":\"\"}]', 1, '1', 2, 30, 'easy', 'no hint', '<p>no Explanatio</p>\r\n', NULL, 1, '2018-04-03 09:45:51', '2018-04-03 10:00:10', '<p>&nbsp;मस्तानी किस शासक की प्रेयसी थी ?</p>\r\n', '', NULL),
(14, 2, 2, '', 'bb3f61f201a60c06569e4130e011bd1c05052415-13', 'radio', 'The metal that is used as a catalyst in the hydrogenation of oils is', '', 0, 2, '[{\"option_value\":\"Ni\",\"has_file\":0,\"file_name\":\"\"},{\"option_value\":\"Pb\",\"has_file\":0,\"file_name\":\"\"}]', 1, '1', 2, 30, 'easy', 'no hint', 'no  Explanatio', NULL, 1, '2018-04-03 09:45:51', '2018-04-03 09:45:51', NULL, NULL, NULL),
(15, 2, 2, '', 'ad23d0b34ca6adca44f827ba9d9427fcc276fcfd-14', 'radio', 'The most abundant rare gas in the atmosphere is', '', 0, 2, '[{\"option_value\":\"He\",\"has_file\":0,\"file_name\":\"\"},{\"option_value\":\"Ne\",\"has_file\":0,\"file_name\":\"\"}]', 1, '1', 2, 30, 'easy', 'no hint', 'no  Explanatio', NULL, 1, '2018-04-03 09:45:51', '2018-04-03 09:45:51', NULL, NULL, NULL),
(16, 2, 2, '', 'd60439d9c5b63d3e588b7ed8ca065a4fc69686ee-15', 'radio', 'The ore which is found in abundance in India is', '', 0, 2, '[{\"option_value\":\"monazite\",\"has_file\":0,\"file_name\":\"\"},{\"option_value\":\"luorspar\",\"has_file\":0,\"file_name\":\"\"}]', 1, '1', 2, 30, 'easy', 'no hint', 'no  Explanatio', NULL, 1, '2018-04-03 09:45:51', '2018-04-03 09:45:51', NULL, NULL, NULL),
(17, 2, 2, '', '947e6742b2d88fee6d1b8a13ed9a5a995002258f-16', 'radio', '\nThe inherited traits of an organism are controlled by', '', 0, 2, '[{\"option_value\":\"\\nRNA molecules\",\"has_file\":0,\"file_name\":\"\"},{\"option_value\":\"nucleotides\",\"has_file\":0,\"file_name\":\"\"}]', 1, '1', 2, 30, 'easy', 'no hint', 'no  Explanatio', NULL, 1, '2018-04-03 09:45:51', '2018-04-03 09:45:51', NULL, NULL, NULL),
(18, 2, 2, '', '8822c2d4e57014efda6e802083610c8c0012c93a-17', 'radio', '\nThe heat energy produced when the human body metabolises 1 gram of fat is', '', 0, 2, '[{\"option_value\":\"30 KJ\",\"has_file\":0,\"file_name\":\"\"},{\"option_value\":\"\\n1 KJ\",\"has_file\":0,\"file_name\":\"\"}]', 1, '1', 2, 30, 'easy', 'no hint', 'no  Explanatio', NULL, 1, '2018-04-03 09:45:51', '2018-04-03 09:45:51', NULL, NULL, NULL),
(19, 2, 2, '', '9d3c645c732b6313c5109f6318f002d95241c833-18', 'radio', '\nWhat are the number of moles of CO2 which contains 16 g of oxygen?', '', 0, 2, '[{\"option_value\":\"0.5 mole\",\"has_file\":0,\"file_name\":\"\"},{\"option_value\":\"0.2 mole\",\"has_file\":0,\"file_name\":\"\"}]', 1, '1', 2, 30, 'easy', 'no hint', 'no  Explanatio', NULL, 1, '2018-04-03 09:45:51', '2018-04-03 09:45:51', NULL, NULL, NULL),
(20, 2, 2, '', '910e4fb722d8389ff8f38dd70f4ec82dc752d180-19', 'radio', 'The monomer of polythene is', '', 0, 2, '[{\"option_value\":\"\\nvinyl chloride\",\"has_file\":0,\"file_name\":\"\"},{\"option_value\":\"ethylene\",\"has_file\":0,\"file_name\":\"\"}]', 1, '1', 2, 30, 'easy', 'no hint', 'no  Explanatio', NULL, 1, '2018-04-03 09:45:51', '2018-04-03 09:45:51', NULL, NULL, NULL),
(21, 7, 7, '', 'a140379e79facf64413213103943ee955e706939-20', 'checkbox', '100 is formed by?', '', 0, 4, '[{\"option_value\":\"50+50\",\"has_file\":0,\"file_name\":\"\"},{\"option_value\":\"10x50\",\"has_file\":0,\"file_name\":\"\"},{\"option_value\":\"70+30\",\"has_file\":0,\"file_name\":\"\"},{\"option_value\":\"70+50\",\"has_file\":0,\"file_name\":\"\"}]', 2, '[{\"answer\":\"1\"},{\"answer\":\"3\"}]', 2, 30, 'easy', 'Test Hint', 'Test Explanation', NULL, 1, '2018-04-03 11:05:07', '2018-04-03 11:05:07', NULL, NULL, NULL),
(22, 7, 7, '', 'db5bb5cf05c3d0a161ffa1f0f220edf6f59f5757-21', 'checkbox', '101 is formed by?', '', 0, 4, '[{\"option_value\":\"50+50\",\"has_file\":0,\"file_name\":\"\"},{\"option_value\":\"10x50\",\"has_file\":0,\"file_name\":\"\"},{\"option_value\":\"70+30\",\"has_file\":0,\"file_name\":\"\"},{\"option_value\":\"70+50\",\"has_file\":0,\"file_name\":\"\"}]', 2, '[{\"answer\":\"1\"},{\"answer\":\"3\"}]', 2, 30, 'easy', 'Test Hint', 'Test Explanation', NULL, 1, '2018-04-03 11:05:07', '2018-04-03 11:05:07', NULL, NULL, NULL),
(23, 7, 7, '', '69611661f5f8649977871c6f3cdbd5733af68756-22', 'checkbox', '102 is formed by?', '', 0, 4, '[{\"option_value\":\"50+50\",\"has_file\":0,\"file_name\":\"\"},{\"option_value\":\"10x50\",\"has_file\":0,\"file_name\":\"\"},{\"option_value\":\"70+30\",\"has_file\":0,\"file_name\":\"\"},{\"option_value\":\"70+50\",\"has_file\":0,\"file_name\":\"\"}]', 2, '[{\"answer\":\"1\"},{\"answer\":\"3\"}]', 2, 30, 'easy', 'Test Hint', 'Test Explanation', NULL, 1, '2018-04-03 11:05:07', '2018-04-03 11:05:07', NULL, NULL, NULL),
(24, 7, 7, '', 'd8214036fff9f3264a84c060cecb776f8339835c-23', 'checkbox', '103 is formed by?', '', 0, 4, '[{\"option_value\":\"50+50\",\"has_file\":0,\"file_name\":\"\"},{\"option_value\":\"10x50\",\"has_file\":0,\"file_name\":\"\"},{\"option_value\":\"70+30\",\"has_file\":0,\"file_name\":\"\"},{\"option_value\":\"70+50\",\"has_file\":0,\"file_name\":\"\"}]', 2, '[{\"answer\":\"1\"},{\"answer\":\"3\"}]', 2, 30, 'easy', 'Test Hint', 'Test Explanation', NULL, 1, '2018-04-03 11:05:07', '2018-04-03 11:05:07', NULL, NULL, NULL),
(25, 7, 7, '', '4c3c7a0184d8d958baa04ad1a28d78d061cc93cc-24', 'checkbox', '104 is formed by?', '', 0, 4, '[{\"option_value\":\"50+50\",\"has_file\":0,\"file_name\":\"\"},{\"option_value\":\"10x50\",\"has_file\":0,\"file_name\":\"\"},{\"option_value\":\"70+30\",\"has_file\":0,\"file_name\":\"\"},{\"option_value\":\"70+50\",\"has_file\":0,\"file_name\":\"\"}]', 2, '[{\"answer\":\"1\"},{\"answer\":\"3\"}]', 2, 30, 'easy', 'Test Hint', 'Test Explanation', NULL, 1, '2018-04-03 11:05:07', '2018-04-03 11:05:07', NULL, NULL, NULL),
(26, 7, 7, '', '09951bfcb0b3c3b68d0080dea90c26df769b4924-25', 'checkbox', '105 is formed by?', '', 0, 4, '[{\"option_value\":\"50+50\",\"has_file\":0,\"file_name\":\"\"},{\"option_value\":\"10x50\",\"has_file\":0,\"file_name\":\"\"},{\"option_value\":\"70+30\",\"has_file\":0,\"file_name\":\"\"},{\"option_value\":\"70+50\",\"has_file\":0,\"file_name\":\"\"}]', 2, '[{\"answer\":\"1\"},{\"answer\":\"3\"}]', 2, 30, 'easy', 'Test Hint', 'Test Explanation', NULL, 1, '2018-04-03 11:05:07', '2018-04-03 11:05:07', NULL, NULL, NULL),
(27, 7, 7, '', '507b5acee5df28553e29339646b81c4035d5a45e-26', 'checkbox', '106 is formed by?', '', 0, 4, '[{\"option_value\":\"50+50\",\"has_file\":0,\"file_name\":\"\"},{\"option_value\":\"10x50\",\"has_file\":0,\"file_name\":\"\"},{\"option_value\":\"70+30\",\"has_file\":0,\"file_name\":\"\"},{\"option_value\":\"70+50\",\"has_file\":0,\"file_name\":\"\"}]', 2, '[{\"answer\":\"1\"},{\"answer\":\"3\"}]', 2, 30, 'easy', 'Test Hint', 'Test Explanation', NULL, 1, '2018-04-03 11:05:07', '2018-04-03 11:05:07', NULL, NULL, NULL),
(28, 7, 7, '', '5e2143fdd87f58860acd49617b0fb3f4404dad11-27', 'checkbox', '107 is formed by?', '', 0, 4, '[{\"option_value\":\"50+50\",\"has_file\":0,\"file_name\":\"\"},{\"option_value\":\"10x50\",\"has_file\":0,\"file_name\":\"\"},{\"option_value\":\"70+30\",\"has_file\":0,\"file_name\":\"\"},{\"option_value\":\"70+50\",\"has_file\":0,\"file_name\":\"\"}]', 2, '[{\"answer\":\"1\"},{\"answer\":\"3\"}]', 2, 30, 'easy', 'Test Hint', 'Test Explanation', NULL, 1, '2018-04-03 11:05:07', '2018-04-03 11:05:07', NULL, NULL, NULL),
(29, 7, 7, '', 'eb4e251aed605f653c0f3fe89510a70bcd9dea81-28', 'checkbox', '108 is formed by?', '', 0, 4, '[{\"option_value\":\"50+50\",\"has_file\":0,\"file_name\":\"\"},{\"option_value\":\"10x50\",\"has_file\":0,\"file_name\":\"\"},{\"option_value\":\"70+30\",\"has_file\":0,\"file_name\":\"\"},{\"option_value\":\"70+50\",\"has_file\":0,\"file_name\":\"\"}]', 2, '[{\"answer\":\"1\"},{\"answer\":\"3\"}]', 2, 30, 'easy', 'Test Hint', 'Test Explanation', NULL, 1, '2018-04-03 11:05:07', '2018-04-03 11:05:07', NULL, NULL, NULL),
(30, 7, 7, '', '8bbaa67f7c48fb1a74e25acda00a00f675f1b08f-29', 'checkbox', '109 is formed by?', '', 0, 4, '[{\"option_value\":\"50+50\",\"has_file\":0,\"file_name\":\"\"},{\"option_value\":\"10x50\",\"has_file\":0,\"file_name\":\"\"},{\"option_value\":\"70+30\",\"has_file\":0,\"file_name\":\"\"},{\"option_value\":\"70+50\",\"has_file\":0,\"file_name\":\"\"}]', 2, '[{\"answer\":\"1\"},{\"answer\":\"3\"}]', 2, 30, 'easy', 'Test Hint', 'Test Explanation', NULL, 1, '2018-04-03 11:05:07', '2018-04-03 11:05:07', NULL, NULL, NULL),
(31, 7, 7, '', 'ad61664a23f0c69b983655fa67bd4f3734e0cd62-30', 'checkbox', '110 is formed by?', '', 0, 4, '[{\"option_value\":\"50+50\",\"has_file\":0,\"file_name\":\"\"},{\"option_value\":\"10x50\",\"has_file\":0,\"file_name\":\"\"},{\"option_value\":\"70+30\",\"has_file\":0,\"file_name\":\"\"},{\"option_value\":\"70+50\",\"has_file\":0,\"file_name\":\"\"}]', 2, '[{\"answer\":\"1\"},{\"answer\":\"3\"}]', 2, 30, 'easy', 'Test Hint', 'Test Explanation', NULL, 1, '2018-04-03 11:05:07', '2018-04-03 11:05:07', NULL, NULL, NULL),
(32, 7, 7, '', '9da15470fc3c99e7099a27d2ffa21d1a0d21bd1b-31', 'checkbox', '111 is formed by?', '', 0, 4, '[{\"option_value\":\"50+50\",\"has_file\":0,\"file_name\":\"\"},{\"option_value\":\"10x50\",\"has_file\":0,\"file_name\":\"\"},{\"option_value\":\"70+30\",\"has_file\":0,\"file_name\":\"\"},{\"option_value\":\"70+50\",\"has_file\":0,\"file_name\":\"\"}]', 2, '[{\"answer\":\"1\"},{\"answer\":\"3\"}]', 2, 30, 'easy', 'Test Hint', 'Test Explanation', NULL, 1, '2018-04-03 11:05:07', '2018-04-03 11:05:07', NULL, NULL, NULL),
(33, 7, 7, '', '2d272da70f849dfaae6cbbff20002e624d3b683e-32', 'checkbox', '112 is formed by?', '', 0, 4, '[{\"option_value\":\"50+50\",\"has_file\":0,\"file_name\":\"\"},{\"option_value\":\"10x50\",\"has_file\":0,\"file_name\":\"\"},{\"option_value\":\"70+30\",\"has_file\":0,\"file_name\":\"\"},{\"option_value\":\"70+50\",\"has_file\":0,\"file_name\":\"\"}]', 2, '[{\"answer\":\"1\"},{\"answer\":\"3\"}]', 2, 30, 'easy', 'Test Hint', 'Test Explanation', NULL, 1, '2018-04-03 11:05:07', '2018-04-03 11:05:07', NULL, NULL, NULL),
(34, 7, 7, '', 'c5ef9dfae1198c8b904a45ff20c48e10ecfb7b98-33', 'checkbox', '113 is formed by?', '', 0, 4, '[{\"option_value\":\"50+50\",\"has_file\":0,\"file_name\":\"\"},{\"option_value\":\"10x50\",\"has_file\":0,\"file_name\":\"\"},{\"option_value\":\"70+30\",\"has_file\":0,\"file_name\":\"\"},{\"option_value\":\"70+50\",\"has_file\":0,\"file_name\":\"\"}]', 2, '[{\"answer\":\"1\"},{\"answer\":\"3\"}]', 2, 30, 'easy', 'Test Hint', 'Test Explanation', NULL, 1, '2018-04-03 11:05:07', '2018-04-03 11:05:07', NULL, NULL, NULL),
(35, 7, 7, '', '13f71060f8f97be0009a58efc21c173084ac1b85-34', 'checkbox', '114 is formed by?', '', 0, 4, '[{\"option_value\":\"50+50\",\"has_file\":0,\"file_name\":\"\"},{\"option_value\":\"10x50\",\"has_file\":0,\"file_name\":\"\"},{\"option_value\":\"70+30\",\"has_file\":0,\"file_name\":\"\"},{\"option_value\":\"70+50\",\"has_file\":0,\"file_name\":\"\"}]', 2, '[{\"answer\":\"1\"},{\"answer\":\"3\"}]', 2, 30, 'easy', 'Test Hint', 'Test Explanation', NULL, 1, '2018-04-03 11:05:07', '2018-04-03 11:05:07', NULL, NULL, NULL),
(36, 7, 7, '', '505e9dcf0311d555328077df850fb60470f40acd-35', 'checkbox', '115 is formed by?', '', 0, 4, '[{\"option_value\":\"50+50\",\"has_file\":0,\"file_name\":\"\"},{\"option_value\":\"10x50\",\"has_file\":0,\"file_name\":\"\"},{\"option_value\":\"70+30\",\"has_file\":0,\"file_name\":\"\"},{\"option_value\":\"70+50\",\"has_file\":0,\"file_name\":\"\"}]', 2, '[{\"answer\":\"1\"},{\"answer\":\"3\"}]', 2, 30, 'easy', 'Test Hint', 'Test Explanation', NULL, 1, '2018-04-03 11:05:07', '2018-04-03 11:05:07', NULL, NULL, NULL),
(37, 7, 7, '', '109385e9b631ebcad844343aa17feac0f7c90eff-36', 'checkbox', '116 is formed by?', '', 0, 4, '[{\"option_value\":\"50+50\",\"has_file\":0,\"file_name\":\"\"},{\"option_value\":\"10x50\",\"has_file\":0,\"file_name\":\"\"},{\"option_value\":\"70+30\",\"has_file\":0,\"file_name\":\"\"},{\"option_value\":\"70+50\",\"has_file\":0,\"file_name\":\"\"}]', 2, '[{\"answer\":\"1\"},{\"answer\":\"3\"}]', 2, 30, 'easy', 'Test Hint', 'Test Explanation', NULL, 1, '2018-04-03 11:05:07', '2018-04-03 11:05:07', NULL, NULL, NULL),
(38, 7, 7, '', '6c55001c705af60e4292d52136429d2c11781608-37', 'checkbox', '117 is formed by?', '', 0, 4, '[{\"option_value\":\"50+50\",\"has_file\":0,\"file_name\":\"\"},{\"option_value\":\"10x50\",\"has_file\":0,\"file_name\":\"\"},{\"option_value\":\"70+30\",\"has_file\":0,\"file_name\":\"\"},{\"option_value\":\"70+50\",\"has_file\":0,\"file_name\":\"\"}]', 2, '[{\"answer\":\"1\"},{\"answer\":\"3\"}]', 2, 30, 'easy', 'Test Hint', 'Test Explanation', NULL, 1, '2018-04-03 11:05:07', '2018-04-03 11:05:07', NULL, NULL, NULL),
(39, 3, 3, '', '6d4794078231d97ace2c55ba144c5e2bb4659b0a-38', 'blanks', 'Which state Hyderabad belongs to', '', 0, 0, '', 2, '[{\"answer\":\"Telangana\"},{\"answer\":\"Andhra Pradesh\"}]', 2, 30, 'easy', '', '', NULL, 1, '2018-04-03 11:10:43', '2018-04-03 11:10:43', NULL, NULL, NULL),
(40, 3, 3, '', '9ee8775ed53987f0dc47a12a51af8add37e6b75c-39', 'blanks', 'Which state Hyderabad belongs to', '', 0, 0, '', 2, '[{\"answer\":\"Telangana\"},{\"answer\":\"Andhra Pradesh\"}]', 2, 30, 'easy', '', '', NULL, 1, '2018-04-03 11:10:43', '2018-04-03 11:10:43', NULL, NULL, NULL),
(41, 3, 3, '', 'c743ccd71d72139b7d482a9c5d723c43d643c251-40', 'blanks', 'Which state Hyderabad belongs to', '', 0, 0, '', 2, '[{\"answer\":\"Telangana\"},{\"answer\":\"Andhra Pradesh\"}]', 2, 30, 'easy', '', '', NULL, 1, '2018-04-03 11:10:43', '2018-04-03 11:10:43', NULL, NULL, NULL),
(42, 3, 3, '', '1f958ba9d62bcd8a12652a13ac130c712572062a-41', 'blanks', 'Which state Hyderabad belongs to', '', 0, 0, '', 2, '[{\"answer\":\"Telangana\"},{\"answer\":\"Andhra Pradesh\"}]', 2, 30, 'easy', '', '', NULL, 1, '2018-04-03 11:10:43', '2018-04-03 11:10:43', NULL, NULL, NULL),
(43, 3, 3, '', '33588a872c6ec3495a179b3b671d34f8c751b787-42', 'blanks', 'Which state Hyderabad belongs to', '', 0, 0, '', 2, '[{\"answer\":\"Telangana\"},{\"answer\":\"Andhra Pradesh\"}]', 2, 30, 'easy', '', '', NULL, 1, '2018-04-03 11:10:43', '2018-04-03 11:10:43', NULL, NULL, NULL),
(44, 3, 3, '', '552006462c5046b07c7fdb5fd83806fec50406cd-43', 'blanks', 'Which state Hyderabad belongs to', '', 0, 0, '', 2, '[{\"answer\":\"Telangana\"},{\"answer\":\"Andhra Pradesh\"}]', 2, 30, 'easy', '', '', NULL, 1, '2018-04-03 11:10:43', '2018-04-03 11:10:43', NULL, NULL, NULL),
(45, 3, 3, '', '797185f140e6beb884f7d89c2a656fbd6d9fe3a9-44', 'blanks', 'Which state Hyderabad belongs to', '', 0, 0, '', 2, '[{\"answer\":\"Telangana\"},{\"answer\":\"Andhra Pradesh\"}]', 2, 30, 'easy', '', '', NULL, 1, '2018-04-03 11:10:43', '2018-04-03 11:10:43', NULL, NULL, NULL),
(46, 3, 3, '', 'e1de7041d46422747dab18e98b9f8725794d9b7a-45', 'blanks', 'Which state Hyderabad belongs to', '', 0, 0, '', 2, '[{\"answer\":\"Telangana\"},{\"answer\":\"Andhra Pradesh\"}]', 2, 30, 'easy', '', '', NULL, 1, '2018-04-03 11:10:43', '2018-04-03 11:10:43', NULL, NULL, NULL),
(47, 3, 3, '', '1c6047f63a9eebcb2c8eb1f7b3d89578e763c9fb-46', 'blanks', 'Which state Hyderabad belongs to', '', 0, 0, '', 2, '[{\"answer\":\"Telangana\"},{\"answer\":\"Andhra Pradesh\"}]', 2, 30, 'easy', '', '', NULL, 1, '2018-04-03 11:10:43', '2018-04-03 11:10:43', NULL, NULL, NULL),
(48, 3, 3, '', '9ae38d32d1c1ca27c91a8f8837e6ed13f70e9b78-47', 'blanks', 'Which state Hyderabad belongs to', '', 0, 0, '', 2, '[{\"answer\":\"Telangana\"},{\"answer\":\"Andhra Pradesh\"}]', 2, 30, 'easy', '', '', NULL, 1, '2018-04-03 11:10:43', '2018-04-03 11:10:43', NULL, NULL, NULL),
(49, 3, 3, '', '42d3fa0a5a0863f793776e58296511271bf3538b-48', 'blanks', 'Which state Hyderabad belongs to', '', 0, 0, '', 2, '[{\"answer\":\"Telangana\"},{\"answer\":\"Andhra Pradesh\"}]', 2, 30, 'easy', '', '', NULL, 1, '2018-04-03 11:10:43', '2018-04-03 11:10:43', NULL, NULL, NULL),
(50, 3, 3, '', '2e6986de5c53e6f28e4c4e6fb40876ebd03dad32-49', 'blanks', 'Which state Hyderabad belongs to', '', 0, 0, '', 2, '[{\"answer\":\"Telangana\"},{\"answer\":\"Andhra Pradesh\"}]', 2, 30, 'easy', '', '', NULL, 1, '2018-04-03 11:10:43', '2018-04-03 11:10:43', NULL, NULL, NULL),
(51, 3, 3, '', '38c6bdb8d7fe10fca745407c93020cc975c42db5-50', 'blanks', 'Which state Hyderabad belongs to', '', 0, 0, '', 2, '[{\"answer\":\"Telangana\"},{\"answer\":\"Andhra Pradesh\"}]', 2, 30, 'easy', '', '', NULL, 1, '2018-04-03 11:10:43', '2018-04-03 11:10:43', NULL, NULL, NULL),
(52, 3, 3, '', '0541d0cb00822002b030297f4421bd3889533d73-51', 'blanks', 'Which state Hyderabad belongs to', '', 0, 0, '', 2, '[{\"answer\":\"Telangana\"},{\"answer\":\"Andhra Pradesh\"}]', 2, 30, 'easy', '', '', NULL, 1, '2018-04-03 11:10:43', '2018-04-03 11:10:43', NULL, NULL, NULL),
(53, 3, 3, '', '528c870b31d33681d24c29137096c5c5901e05ae-52', 'blanks', 'Which state Hyderabad belongs to', '', 0, 0, '', 2, '[{\"answer\":\"Telangana\"},{\"answer\":\"Andhra Pradesh\"}]', 2, 30, 'easy', '', '', NULL, 1, '2018-04-03 11:10:43', '2018-04-03 11:10:43', NULL, NULL, NULL),
(54, 3, 3, '', '1aa1ad1d34cb2f81285cba7e72fe7b9df2f38135-53', 'blanks', 'Which state Hyderabad belongs to', '', 0, 0, '', 2, '[{\"answer\":\"Telangana\"},{\"answer\":\"Andhra Pradesh\"}]', 2, 30, 'easy', '', '', NULL, 1, '2018-04-03 11:10:43', '2018-04-03 11:10:43', NULL, NULL, NULL),
(55, 3, 3, '', '9308e9c4e431809c8b4cc187c7c0cfd562950521-54', 'blanks', 'Which state Hyderabad belongs to', '', 0, 0, '', 2, '[{\"answer\":\"Telangana\"},{\"answer\":\"Andhra Pradesh\"}]', 2, 30, 'easy', '', '', NULL, 1, '2018-04-03 11:10:43', '2018-04-03 11:10:43', NULL, NULL, NULL),
(56, 3, 3, '', '5a4dbeb6db22978d17cee2aaa8fa3bc168b37ee4-55', 'blanks', 'Which state Hyderabad belongs to', '', 0, 0, '', 2, '[{\"answer\":\"Telangana\"},{\"answer\":\"Andhra Pradesh\"}]', 2, 30, 'easy', '', '', NULL, 1, '2018-04-03 11:10:43', '2018-04-03 11:10:43', NULL, NULL, NULL),
(57, 3, 3, '', '9b70ad72a61c6815a243aa7f36b4105301b0f15e-56', 'blanks', 'Which state Hyderabad belongs to', '', 0, 0, '', 2, '[{\"answer\":\"Telangana\"},{\"answer\":\"Andhra Pradesh\"}]', 2, 30, 'easy', '', '', NULL, 1, '2018-04-03 11:10:43', '2018-04-03 11:10:43', NULL, NULL, NULL),
(58, 1, 1, '', 'dd46e7b30feb155034f81349a7129be39b5e8e89-57', 'radio', '<p>Foremost :</p>\r\n', '', 0, 2, '[{\"option_value\":\"Hindmost\",\"optionl2_value\":\"\\u0935\\u0949\\u0928 \\u0928\\u094d\\u092f\\u0942\\u092e\\u0947\\u0928\",\"has_file\":0,\"file_name\":\"\"},{\"option_value\":\"Unimportant    \",\"optionl2_value\":\" \\u091c\\u0947 \\u090f\\u0938 \\u0915\\u093f\\u0932\\u094d\\u092c\\u0940\",\"has_file\":0,\"file_name\":\"\"}]', 1, '1', 2, 10, 'easy', 'No  hint', '<p>No Explanation</p>\r\n', NULL, 1, '2018-04-03 11:21:18', '2018-04-03 11:21:18', '<p>कंप्यूटर के आविष्कारक कौन हैं ?</p>\r\n\r\n<ul>\r\n</ul>\r\n', '<p>कंप्यूटर के आविष्कारक कौन हैं ?</p>\r\n\r\n<ul>\r\n</ul>\r\n', NULL),
(59, 1, 1, '', '22c934ecb7a8d4c1a10c6b03263861ad834dd0dd-58', 'radio', '<h2>&nbsp;</h2>\r\n\r\n<p>Protects :</p>\r\n', '', 0, 2, '[{\"option_value\":\"Deprives    \",\"optionl2_value\":\" \\u091a\\u093e\\u0930\\u094d\\u0932\\u094d\\u0938 \\u092c\\u0948\\u092c\\u0947\\u091c\",\"has_file\":0,\"file_name\":\"\"},{\"option_value\":\"Deserts  \",\"optionl2_value\":\"\\u0907\\u0928\\u092e\\u0947\\u0902 \\u0938\\u0947 \\u0915\\u094b\\u0908 \\u0928\\u0939\\u0940\\u0902\",\"has_file\":0,\"file_name\":\"\"}]', 1, '1', 2, 10, 'easy', 'No  hint', '<p>No Explanation</p>\r\n', NULL, 1, '2018-04-03 11:23:11', '2018-04-03 11:23:11', '<p>सबसे पहला कंप्यूटर का नाम क्या था ?</p>\r\n', '<p>सबसे पहला कंप्यूटर का नाम क्या था ?</p>\r\n', NULL),
(60, 1, 1, '', '739c535d2b8cd06dbf40538bcf91839b8c488c59-59', 'checkbox', '<h2>&nbsp;</h2>\r\n\r\n<p>Find the correctly spelt word.</p>\r\n', '', 0, 3, '[{\"option_value\":\"Adulation  \",\"optionl2_value\":\"\\u0917\\u0923\\u0928\\u093e \\u0915\\u0930\\u0928\\u0947\\u0935\\u093e\\u0932\\u093e\",\"has_file\":0,\"file_name\":\"\"},{\"option_value\":\"Adlation     \",\"optionl2_value\":\"\\u0938\\u0902\\u0917\\u0923\\u0915\",\"has_file\":0,\"file_name\":\"\"},{\"option_value\":\"Aduletion\",\"optionl2_value\":\"\\u0939\\u093f\\u0938\\u093e\\u092c \\u0932\\u0917\\u093e\\u0928\\u0947\\u0935\\u093e\\u0932\\u093e\",\"has_file\":0,\"file_name\":\"\"}]', 2, '[{\"answer\":\"1\"},{\"answer\":\"3\"}]', 2, 12, 'easy', 'Hint', '<p>&nbsp;</p>\r\n\r\n<p>Explanation</p>\r\n\r\n<p>&nbsp;</p>\r\n', NULL, 1, '2018-04-03 11:25:58', '2018-04-03 11:25:58', '<p>&nbsp;कंप्यूटर का हिन्दी नाम क्या है ?</p>\r\n\r\n<ul>\r\n</ul>\r\n', '<p>&nbsp;कंप्यूटर का हिन्दी नाम क्या है ?</p>\r\n\r\n<ul>\r\n</ul>\r\n', NULL),
(61, 1, 1, '', '04ec285afd16a1c9c8d08c25fcc3d8f7ac44872e-60', 'checkbox', '<p>Find the correct spelt word.</p>\r\n', '', 0, 3, '[{\"option_value\":\"Adulterate\",\"optionl2_value\":\" \\u0926\\u093f\\u0938\\u092e\\u094d\\u092c\\u0930\",\"has_file\":0,\"file_name\":\"\"},{\"option_value\":\"Adeldurate  \",\"optionl2_value\":\"\\u0926\\u093f\\u0938\\u092e\\u094d\\u092c\\u0930\",\"has_file\":0,\"file_name\":\"\"},{\"option_value\":\"Adulterat\",\"optionl2_value\":\"\\u0926\\u093f\\u0938\\u092e\\u094d\\u092c\\u0930\",\"has_file\":0,\"file_name\":\"\"}]', 2, '[{\"answer\":\"1\"},{\"answer\":\"3\"}]', 2, 12, 'easy', 'Hint', '<p>&nbsp;</p>\r\n\r\n<p>Explanation</p>\r\n\r\n<p>&nbsp;</p>\r\n', NULL, 1, '2018-04-03 11:27:57', '2018-04-03 11:27:57', '<p>&nbsp;कंप्यूटर साक्षरता दिवस कब मनाया जाता है ?</p>\r\n', '<p>&nbsp;कंप्यूटर साक्षरता दिवस कब मनाया जाता है ?</p>\r\n', NULL),
(62, 1, 1, '', '8c7824d8d688841105fbf9bb05cbe762ab83a058-61', 'blanks', '<p>Extreme old age when a man behaves like a fool</p>\r\n', '', 0, 0, '[]', 1, '[{\"answer\":\"Dotage  \"}]', 2, 12, 'easy', 'Hint', '<p>Explanation</p>\r\n', NULL, 1, '2018-04-03 11:30:02', '2018-04-03 11:30:02', '<p>इनमें से कौन सर्च इंजन नहीं है ?</p>\r\n', '<p>इनमें से कौन सर्च इंजन नहीं है ?</p>\r\n', NULL),
(63, 1, 1, '', 'e3edb89178183e97863211d2dd856aa2d0101f53-62', 'blanks', '<p>That which cannot be corrected</p>\r\n', '', 0, 0, '[]', 1, '[{\"answer\":\"Incorrigible  \"}]', 21, 10, 'easy', 'Hint', '<p>&nbsp;</p>\r\n\r\n<p>Explanation</p>\r\n\r\n<p>&nbsp;</p>\r\n', NULL, 1, '2018-04-03 11:31:32', '2018-04-03 11:31:32', '<p>&nbsp;निम्न में कौन इनपुट इकाई है ?</p>\r\n\r\n<ul>\r\n</ul>\r\n', '<p>&nbsp;निम्न में कौन इनपुट इकाई है ?</p>\r\n\r\n<ul>\r\n</ul>\r\n', NULL),
(64, 1, 1, '', '013953e88bfed81691ce2a0e4731e1a833469fa9-63', 'match', '<p>Match the Following :</p>\r\n', '', 0, 4, '{\"left\":{\"title\":\"List I\",\"titlel2\":\"\\u0930\\u093e\\u0937\\u094d\\u091f\\u094d\\u0930\\u0940\\u092f I\",\"options\":[\"Hindmost\",\"Unimportant\",\"Disposed\",\"Mature\"],\"optionsl2\":[\"\\u0928\\u093e\\u0917\\u092a\\u0941\\u0930\",\"\\u092d\\u094b\\u092a\\u093e\\u0932\",\"\\u0906\\u0917\\u094d\\u0930\\u093e\",\"\\u0905\\u0939\\u092e\\u0926\\u093e\\u092c\\u093e\\u0926\"]},\"right\":{\"title\":\"List II\",\"titlel2\":\"\\u0930\\u093e\\u0937\\u094d\\u091f\\u094d\\u0930\\u0940\\u092f II\",\"options\":[\"Defends\",\"Deprives\",\"Deserts\",\"Devises\"],\"optionsl2\":[\"\\u092e\\u094b\\u0939\\u0928 \\u092d\\u093e\\u0917\\u0935\\u0924\",\"\\u0905\\u091f\\u0932 \\u092c\\u093f\\u0939\\u093e\\u0930\\u0940 \\u0935\\u093e\\u091c\\u092a\\u0947\\u092f\\u0940\",\"\\u092e\\u094b\\u0930\\u093e\\u0930\\u091c\\u0940 \\u0926\\u0947\\u0938\\u093e\\u0908\",\"\\u0915\\u0947\\u0936\\u0935 \\u092c\\u0932\\u093f\\u0930\\u093e\\u092e \\u0939\\u0947\\u0921\\u0917\\u0947\\u0935\\u093e\\u0930\"]}}', 4, '[{\"answer\":\"1\"},{\"answer\":\"2\"},{\"answer\":\"3\"},{\"answer\":\"4\"}]', 2, 20, 'easy', 'Hint', '<p>Explanation</p>\r\n', NULL, 1, '2018-04-03 11:36:07', '2018-04-03 11:36:07', '<p>राष्ट्रीय स्वयंसेवक संघ का मुख्यालय कहाँ है ?</p>\r\n', '<p>राष्ट्रीय स्वयंसेवक संघ का मुख्यालय कहाँ है ?</p>\r\n', NULL),
(65, 1, 1, '', '22ba417448fcdf33a34e8b6331fc37c732927a53-64', 'match', '<p>Match the Following :</p>\r\n\r\n<p>&nbsp;</p>\r\n', '', 0, 3, '{\"left\":{\"title\":\"List I\",\"titlel2\":\"\\u0932\\u093f\\u0938\\u094d\\u091f\\u094d I\",\"options\":[\"Wonderful\",\"Graceful\",\"Ugly\"],\"optionsl2\":[\"\\u0915\\u0947\\u0928\\u094d\\u0926\\u094d\\u0930 \\u0906\\u092f\\u094b\\u0917\",\"\\u0906\\u092f\\u094b\\u0917\",\"\\u092e\\u0941\\u0916\\u0930\\u094d\\u091c\\u0940\"]},\"right\":{\"title\":\"List II\",\"titlel2\":\"\\u0932\\u093f\\u0938\\u094d\\u091f\\u094d II\",\"options\":[\" Handsome\",\"Marvelous\",\"Wonderful\"],\"optionsl2\":[\"\\u0928\\u0940\\u0924\\u093f\",\"\\u0906\\u092f\\u094b\\u0917\",\"\\u0905\\u0928\\u094d\\u092f\"]}}', 3, '[{\"answer\":\"2\"},{\"answer\":\"2\"},{\"answer\":\"3\"}]', 2, 20, 'easy', 'Hint', '<p>Explanation</p>\r\n', NULL, 1, '2018-04-03 11:40:04', '2018-04-03 11:40:04', '<p>भारतीय जनता पार्टी का मुख्यालय कहाँ है ?</p>\r\n', '<p>भारतीय जनता पार्टी का मुख्यालय कहाँ है ?</p>\r\n', NULL),
(66, 1, 1, '', '24bade660d7d858276679d94a76258e011f5cd21-65', 'para', '<p>Rearrange the following five sentences in proper sequence so as to for a meaningful paragraph, then answer the questions given below them.</p>\r\n', '', 0, 2, '[{\"question\":\"Which sentence should come third in the paragraph?\",\"questionl2\":\"\\u092d\\u093e\\u0930\\u0924 \\u0915\\u0947 \\u0915\\u093f\\u0938 \\u0938\\u092e\\u093e\\u091a\\u093e\\u0930-\\u092a\\u0924\\u094d\\u0930 \\u0915\\u094b \\u092f\\u0942\\u0928\\u0947\\u0938\\u094d\\u0915\\u094b \\u0915\\u093f\\u0902\\u0917 \\u0938\\u0947\\u0902\\u091c\\u094b\\u0902\\u0917 \\u092a\\u0941\\u0930\\u0938\\u094d\\u0915\\u093e\\u0930-2009 \\u092e\\u093f\\u0932\\u093e ?\",\"total_options\":\"2\",\"options\":[[\"After Examining him, the doctor smiled at him mischievously and took out a syringe.\",\"Thinking that he was really sick, his father summoned the family doctor.\"]],\"optionsl2\":[[\"\\u0916\\u092c\\u0930 \\u0932\\u0939\\u0930\\u093f\\u092f\\u093e\",\"\\u0926\\u0948\\u0928\\u093f\\u0915 \\u0939\\u093f\\u0928\\u094d\\u0926\\u0941\\u0938\\u094d\\u0924\\u093e\\u0928\"]]},{\"question\":\"Which sentence should come last in the paragraph?\",\"questionl2\":\"\\u0905\\u092a\\u094d\\u0930\\u0948\\u09322015 \\u092e\\u0947\\u0902 \\u0915\\u093f\\u0938 \\u092d\\u093e\\u0930\\u0924\\u0940\\u092f \\u092c\\u0948\\u0902\\u0915 \\u0928\\u0947 \'\\u090f\\u0936\\u093f\\u092f\\u0928 \\u092c\\u0948\\u0902\\u0915\\u0930 \\u0905\\u091a\\u0940\\u0935\\u092e\\u0947\\u0902\\u091f \\u092a\\u0941\\u0930\\u0938\\u094d\\u0915\\u093e\\u0930\' 2015 \\u091c\\u0940\\u0924\\u093e \\u0939\\u0948?\",\"total_options\":\"2\",\"options\":{\"1\":[\"Therefor; he pretended to be sick and remained in bed.\",\"Immediately, Mintu jumped up from his bed and swore the he was fine\"]},\"optionsl2\":{\"1\":[\" \\u092a\\u0902\\u091c\\u093e\\u092c \\u0928\\u0947\\u0936\\u0928\\u0932 \\u092c\\u0948\\u0902\\u0915\",\" \\u092d\\u093e\\u0930\\u0924\\u0940\\u092f \\u092e\\u0939\\u093f\\u0932\\u093e \\u092c\\u0948\\u0902\\u0915\"]}}]', 2, '[{\"answer\":\"1\"},{\"answer\":\"1\"}]', 2, 20, 'easy', 'Hint', '<p>Explanation</p>\r\n', NULL, 1, '2018-04-03 11:44:34', '2018-04-03 11:44:34', '<p>&nbsp;प्रधानमंत्री नरेन्द्र मोदी ने नागरिकों की समस्याओं के निवारण के लिए एक बहू-उद्देशीय ई-गवर्नेंस प्लेटफार्म शुरू किया है, इस प्लेटफार्म को क्या नाम दिया गया है?</p>\r\n', '<p>&nbsp;प्रधानमंत्री नरेन्द्र मोदी ने नागरिकों की समस्याओं के निवारण के लिए एक बहू-उद्देशीय ई-गवर्नेंस प्लेटफार्म शुरू किया है, इस प्लेटफार्म को क्या नाम दिया गया है?</p>\r\n', NULL),
(67, 1, 1, '', 'dc0568ca77c9723a7ccd59f15c8119a8c96bba37-66', 'para', '<p>Rearrange the following five sentences in proper sequence to form a meaningful paragraph, then answer the questions given below.</p>\r\n', '', 0, 2, '[{\"question\":\"Which of the sentences should come second in the paragraph ?\",\"questionl2\":\"\\u0939\\u093e\\u0932 \\u092e\\u0947\\u0902 \\u0926\\u093f\\u0902\\u0935\\u0917\\u0924 \\u0939\\u0941\\u090f \\u092e\\u0932\\u094d\\u0932\\u0940 \\u092e\\u0938\\u094d\\u0924\\u093e\\u0928 \\u092c\\u093e\\u092c\\u0942 \\u0915\\u093e \\u0938\\u092e\\u094d\\u092c\\u0928\\u094d\\u0927 \\u0928\\u093f\\u092e\\u094d\\u0928 \\u092e\\u0947\\u0902 \\u0938\\u0947 \\u0915\\u093f\\u0938 \\u0915\\u094d\\u0937\\u0947\\u0924\\u094d\\u0930 \\u0938\\u0947 \\u0925\\u093e?\",\"total_options\":\"2\",\"options\":[[\"A Study to this effects suggests that the average white-collar worker demonstrates only about 25% listening efficiency.\",\"However for trained and good listeners it is not unusual to use all the three approaches during a setting, thus improving listening efficiency.\"]],\"optionsl2\":[[\"\\u0915\\u0941\\u0936\\u094d\\u0924\\u0940\",\"\\u0935\\u093e\\u0932\\u0940\\u092c\\u093e\\u0932\"]]},{\"question\":\"Which of the sentences should come fourth in the paragraph ?\",\"questionl2\":\"\\u0932 \\u092e\\u0947\\u0902 \\u0926\\u093f\\u0902\\u0935\\u0917\\u0924 \\u0939\\u0941\\u090f \\u092e\\u0932\\u094d\\u0932\\u0940 \\u092e\\u0938\\u094d\\u0924\\u093e\\u0928 \\u092c\\u093e\\u092c\\u0942 \\u0915\\u093e \\u0938\\u092e\\u094d\\u092c\\u0928\\u094d\\u0927 \\u0928\\u093f\\u092e\\u094d\\u0928 \\u092e\\u0947\\u0902 \\u0938\\u0947 \\u0915\\u093f\\u0938 \\u0915\\u094d\\u0937\\u0947\\u0924\\u094d\\u0930 \\u0938\\u0947 \\u0925\\u093e?\",\"total_options\":\"2\",\"options\":{\"1\":[\"Although we spend nearly half of each communication interaction listening, we do not listen well.\",\"Each approach has a particular emphasis that may help us to receive and process informationin different settings.\"]},\"optionsl2\":{\"1\":[\"\\u0915\\u0941\\u0936\\u094d\\u0924\\u0940\",\"\\u0935\\u093e\\u0932\\u0940\\u092c\\u093e\\u0932\"]}}]', 2, '[{\"answer\":\"1\"},{\"answer\":\"1\"}]', 2, 20, 'easy', ' No Hint ', '<p>No Explanation</p>\r\n', NULL, 1, '2018-04-03 11:49:23', '2018-04-03 11:49:23', '<p>हाल में दिंवगत हुए मल्ली मस्तान बाबू का सम्बन्ध निम्न में से किस क्षेत्र से था?</p>\r\n', '<p>हाल में दिंवगत हुए मल्ली मस्तान बाबू का सम्बन्ध निम्न में से किस क्षेत्र से था?</p>\r\n', NULL),
(68, 1, 1, '', '9021892f23a7a641d790c8db4f310f59d5d45da7-67', 'video', '<h2>Which county did Ravi Shastri play for?</h2>\r\n', '68question.mp4', 0, 2, '[{\"question\":\" Who was the first Indian to win the World Amateur Billiards title?\",\"questionl2\":\"\\u0911\\u092a\\u0930\\u0947\\u0936\\u0928 \\u0926\\u0941\\u0930\\u094d\\u0917\\u093e \\u0915\\u093e \\u0936\\u0941\\u092d\\u093e\\u0930\\u0902\\u092d \\u0939\\u0941\\u0906 ?\",\"total_options\":\"2\",\"options\":[[\"Glamorgan\",\"Leicestershire\"]],\"optionsl2\":[[\"\\u0915\\u0941\\u0936\\u094d\\u0924\\u0940\",\"\\u0915\\u0941\\u0936\\u094d\\u0924\\u0940\"]]},{\"question\":\" Who was the first Indian to win the World Amateur Billiards title?\",\"questionl2\":\"\\u0905\\u092a\\u094d\\u0930\\u0948\\u09322015 \\u092e\\u0947\\u0902 \\u0915\\u093f\\u0938 \\u092d\\u093e\\u0930\\u0924\\u0940\\u092f \\u092c\\u0948\\u0902\\u0915 \\u0928\\u0947 \'\\u090f\\u0936\\u093f\\u092f\\u0928 \\u092c\\u0948\\u0902\\u0915\\u0930 \\u0905\\u091a\\u0940\\u0935\\u092e\\u0947\\u0902\\u091f \\u092a\\u0941\\u0930\\u0938\\u094d\\u0915\\u093e\\u0930\' 2015 \\u091c\\u0940\\u0924\\u093e \\u0939\\u0948?\",\"total_options\":\"2\",\"options\":{\"1\":[\"Gloucestershire\",\"Lancashire\"]},\"optionsl2\":{\"1\":[\"\\u092a\\u0902\\u091c\\u093e\\u092c \\u0928\\u0947\\u0936\\u0928\\u0932 \\u092c\\u0948\\u0902\\u0915\",\"\\u092a\\u0902\\u091c\\u093e\\u092c \\u0928\\u0947\\u0936\\u0928\\u0932 \\u092c\\u0948\\u0902\\u0915\"]}}]', 2, '[{\"answer\":\"1\"},{\"answer\":\"1\"}]', 2, 20, 'easy', 'Hint', '<p>Explanation</p>\r\n', NULL, 1, '2018-04-03 11:54:47', '2018-04-03 11:54:50', '<p><strong>ऑपरेशन दुर्गा का शुभारंभ हुआ ?</strong></p>\r\n', '<p><strong>ऑपरेशन दुर्गा का शुभारंभ हुआ ?</strong></p>\r\n', NULL),
(69, 1, 1, '', '870fdf55c51a774071efb591b933e82d7cb04d35-68', 'audio', '<p>Who was the first Indian to win the World Amateur Billiards title?</p>\r\n', '69question.', 0, 1, '[{\"question\":\"Who was the first Indian to win the World Amateur Billiards title?\",\"questionl2\":\"\\u0939\\u093e\\u0932 \\u092e\\u0947\\u0902 \\u0926\\u093f\\u0902\\u0935\\u0917\\u0924 \\u0939\\u0941\\u090f \\u092e\\u0932\\u094d\\u0932\\u0940 \\u092e\\u0938\\u094d\\u0924\\u093e\\u0928 \\u092c\\u093e\\u092c\\u0942 \\u0915\\u093e \\u0938\\u092e\\u094d\\u092c\\u0928\\u094d\\u0927 \\u0928\\u093f\\u092e\\u094d\\u0928 \\u092e\\u0947\\u0902 \\u0938\\u0947 \\u0915\\u093f\\u0938 \\u0915\\u094d\\u0937\\u0947\\u0924\\u094d\\u0930 \\u0938\\u0947 \\u0925\\u093e?\",\"total_options\":\"2\",\"options\":[[\"Geet Sethi\",\"Wilson Jones\"]],\"optionsl2\":[[\"\\u0915\\u0941\\u0936\\u094d\\u0924\\u0940\",\"\\u0935\\u093e\\u0932\\u0940\\u092c\\u093e\\u0932\"]]}]', 1, '[{\"answer\":\"1\"}]', 2, 20, 'easy', 'NO hint', '<p>No Explanation</p>\r\n', NULL, 1, '2018-04-03 11:56:46', '2018-04-03 11:56:46', '<p>हाल में दिंवगत हुए मल्ली मस्तान बाबू का सम्बन्ध निम्न में से किस क्षेत्र से था?</p>\r\n', '', NULL),
(70, 5, 5, '', '06f17c0b4a2a9dc8a711165017f61bc828659b28-69', 'radio', 'Which of the following terms is not used in the field of physics?', '', 0, 2, '[{\"option_value\":\"Latent heat\",\"has_file\":0,\"file_name\":\"\"},{\"option_value\":\"Stock value\\n \\n\",\"has_file\":0,\"file_name\":\"\"}]', 1, '1', 2, 30, 'easy', 'no hint', 'No explanation', NULL, 1, '2018-04-04 05:55:25', '2018-04-04 05:55:25', NULL, NULL, NULL),
(71, 5, 5, '', 'aec84880677519f8df9ccb4a87dfcdc91cb4e57b-70', 'radio', 'Radiocarbon is produced in the atmosphere as a result of', '', 0, 2, '[{\"option_value\":\"Collision between fast neutrons and nitrogen nuclei present in the atmosphere.\",\"has_file\":0,\"file_name\":\"\"},{\"option_value\":\"Action of ultraviolet light from the sun on atmospheric oxygen.\",\"has_file\":0,\"file_name\":\"\"}]', 1, '1', 2, 30, 'easy', 'no hint', 'No explanation', NULL, 1, '2018-04-04 05:55:25', '2018-04-04 05:55:25', NULL, NULL, NULL),
(72, 5, 5, '', 'b15245db7df750face6f64e333713132e4e476fa-71', 'radio', 'It is easier to roll a stone up a sloping road than to lift it vertical upwards because', '', 0, 2, '[{\"option_value\":\"Work done in rolling is more than in lifting.\",\"has_file\":0,\"file_name\":\"\"},{\"option_value\":\"Work done in lifting the stone is equal to rolling it.\",\"has_file\":0,\"file_name\":\"\"}]', 1, '1', 2, 30, 'easy', 'no hint', 'No explanation', NULL, 1, '2018-04-04 05:55:25', '2018-04-04 05:55:25', NULL, NULL, NULL),
(73, 5, 5, '', '4d5e55dcd998b716d1d1212ac91c41f217682543-72', 'radio', 'The absorption of ink by blotting paper involves:', '', 0, 2, '[{\"option_value\":\"Viscosity of ink\",\"has_file\":0,\"file_name\":\"\"},{\"option_value\":\"Capillary action phenomenon\",\"has_file\":0,\"file_name\":\"\"}]', 1, '1', 2, 30, 'easy', 'no hint', 'No explanation', NULL, 1, '2018-04-04 05:55:25', '2018-04-04 05:55:25', NULL, NULL, NULL),
(74, 5, 5, '', 'a4b53cbcd15294d7d8487af992b3da1bcd195363-73', 'radio', '\nSiphon will fail to work if:', '', 0, 2, '[{\"option_value\":\"The densities of the liquid in the two vessels are equal.\",\"has_file\":0,\"file_name\":\"\"},{\"option_value\":\"The level of the liquid in the two vessels are at the same height.\",\"has_file\":0,\"file_name\":\"\"}]', 1, '1', 2, 30, 'easy', 'no hint', 'No explanation', NULL, 1, '2018-04-04 05:55:25', '2018-04-04 05:55:25', NULL, NULL, NULL),
(75, 5, 5, '', '09e7dbcbd5d9860e0eb9d5da9189afb968de6b61-74', 'radio', 'Large transformers, when used for some time, become very hot and are cooled by circulating oil. The heating of the transformer is due to:', '', 0, 2, '[{\"option_value\":\"The heating effect of current alone\",\"has_file\":0,\"file_name\":\"\"},{\"option_value\":\"Hysteresis loss alone\",\"has_file\":0,\"file_name\":\"\"}]', 1, '1', 2, 30, 'easy', 'no hint', 'No explanation', NULL, 1, '2018-04-04 05:55:25', '2018-04-04 05:55:25', NULL, NULL, NULL),
(76, 5, 5, '', '78decf16758427689d047ee0177f0f1eca6df8b2-75', 'radio', '\nNuclear sizes are expressed in a unit named', '', 0, 2, '[{\"option_value\":\"Fermi\\n\",\"has_file\":0,\"file_name\":\"\"},{\"option_value\":\"Angstrom\",\"has_file\":0,\"file_name\":\"\"}]', 1, '1', 2, 30, 'easy', 'no hint', 'No explanation', NULL, 1, '2018-04-04 05:55:25', '2018-04-04 05:55:25', NULL, NULL, NULL),
(77, 5, 5, '', '618dbbef2cbfab07420f542a263f2f3d8227c228-76', 'radio', 'Light year is a unit of', '', 0, 2, '[{\"option_value\":\"Time\\n\",\"has_file\":0,\"file_name\":\"\"},{\"option_value\":\"Distance\",\"has_file\":0,\"file_name\":\"\"}]', 1, '1', 2, 30, 'easy', 'no hint', 'No explanation', NULL, 1, '2018-04-04 05:55:25', '2018-04-04 05:55:25', NULL, NULL, NULL),
(78, 5, 5, '', '2b0283f0d722ce7317fc11eb2763f3805788aeea-77', 'radio', 'Mirage is due to:', '', 0, 2, '[{\"option_value\":\"Unequal heating of different parts of the atmosphere\",\"has_file\":0,\"file_name\":\"\"},{\"option_value\":\"Magnetic disturbances in the atmosphere\\n \\n \",\"has_file\":0,\"file_name\":\"\"}]', 1, '1', 2, 30, 'easy', 'no hint', 'No explanation', NULL, 1, '2018-04-04 05:55:25', '2018-04-04 05:55:25', NULL, NULL, NULL),
(79, 5, 5, '', '70d95fa887dfbb6c9446ca3ef781e4c1d16da438-78', 'radio', 'Light from the Sun reaches us in nearly', '', 0, 2, '[{\"option_value\":\"2 minutes\",\"has_file\":0,\"file_name\":\"\"},{\"option_value\":\"4 minutes\",\"has_file\":0,\"file_name\":\"\"}]', 1, '1', 2, 30, 'easy', 'no hint', 'No explanation', NULL, 1, '2018-04-04 05:55:25', '2018-04-04 05:55:25', NULL, NULL, NULL),
(80, 5, 5, '', '78c0fb11412efb0f4bb4b14ba191a986d1bb8eb5-79', 'radio', 'Stars appears to move from east to west because', '', 0, 2, '[{\"option_value\":\"All stars move from east to west\",\"has_file\":0,\"file_name\":\"\"},{\"option_value\":\"The earth rotates from west to east\",\"has_file\":0,\"file_name\":\"\"}]', 1, '1', 2, 30, 'easy', 'no hint', 'No explanation', NULL, 1, '2018-04-04 05:55:25', '2018-04-04 05:55:25', NULL, NULL, NULL),
(81, 5, 5, '', '6a600260ac6200d046b68ce403b107cc017e786d-80', 'radio', 'Pa(Pascal) is the unit for', '', 0, 2, '[{\"option_value\":\"Thrust\",\"has_file\":0,\"file_name\":\"\"},{\"option_value\":\"Pressure\",\"has_file\":0,\"file_name\":\"\"}]', 1, '1', 2, 30, 'easy', 'no hint', 'No explanation', NULL, 1, '2018-04-04 05:55:25', '2018-04-04 05:55:25', NULL, NULL, NULL),
(82, 5, 5, '', 'aaab1ef24a108e0d01e74acde6d5524eae91e05b-81', 'radio', 'Planets do not twinkle because', '', 0, 2, '[{\"option_value\":\"They emit light of a constant intensity\",\"has_file\":0,\"file_name\":\"\"},{\"option_value\":\"Their distance from the earth does not change with time\",\"has_file\":0,\"file_name\":\"\"}]', 1, '1', 2, 30, 'easy', 'no hint', 'No explanation', NULL, 1, '2018-04-04 05:55:25', '2018-04-04 05:55:25', NULL, NULL, NULL),
(83, 5, 5, '', 'e2df7f709f1fe24636b98e1036df2dd8b2850ee4-82', 'radio', 'Metals are good conductors of electricity because:', '', 0, 2, '[{\"option_value\":\"They contain free electrons.\",\"has_file\":0,\"file_name\":\"\"},{\"option_value\":\"The atoms are lightly packed.\",\"has_file\":0,\"file_name\":\"\"}]', 1, '1', 2, 30, 'easy', 'no hint', 'No explanation', NULL, 1, '2018-04-04 05:55:25', '2018-04-04 05:55:25', NULL, NULL, NULL),
(84, 5, 5, '', 'ee82ac7602454ac4f383d73ebbd410b04b2e9d66-83', 'radio', 'Pick out the scalar quantity', '', 0, 2, '[{\"option_value\":\"Force\",\"has_file\":0,\"file_name\":\"\"},{\"option_value\":\"Pressure\",\"has_file\":0,\"file_name\":\"\"}]', 1, '1', 2, 30, 'easy', 'no hint', 'No explanation', NULL, 1, '2018-04-04 05:55:25', '2018-04-04 05:55:25', NULL, NULL, NULL),
(85, 5, 5, '', '71b2bdeb8e51a43ce68e6dfdf8a7d6316815124c-84', 'radio', 'Rectifiers are used to convert:', '', 0, 2, '[{\"option_value\":\"Direct current to Alternating current\",\"has_file\":0,\"file_name\":\"\"},{\"option_value\":\"Alternating current to Direct current\",\"has_file\":0,\"file_name\":\"\"}]', 1, '1', 2, 30, 'easy', 'no hint', 'No explanation', NULL, 1, '2018-04-04 05:55:25', '2018-04-04 05:55:25', NULL, NULL, NULL),
(86, 5, 5, '', '91c823e1c7c305e5fa0461870d34c4408ac459d2-85', 'checkbox', '100 is formed by?', '', 0, 4, '[{\"option_value\":\"50+50\",\"has_file\":0,\"file_name\":\"\"},{\"option_value\":\"10x50\",\"has_file\":0,\"file_name\":\"\"},{\"option_value\":\"70+30\",\"has_file\":0,\"file_name\":\"\"},{\"option_value\":\"70+50\",\"has_file\":0,\"file_name\":\"\"}]', 2, '[{\"answer\":\"1\"},{\"answer\":\"3\"}]', 2, 30, 'easy', 'Test Hint', 'Test Explanation', NULL, 1, '2018-04-04 05:59:51', '2018-04-04 05:59:51', NULL, NULL, NULL);
INSERT INTO `questionbank` (`id`, `subject_id`, `topic_id`, `question_tags`, `slug`, `question_type`, `question`, `question_file`, `question_file_is_url`, `total_answers`, `answers`, `total_correct_answers`, `correct_answers`, `marks`, `time_to_spend`, `difficulty_level`, `hint`, `explanation`, `explanation_file`, `status`, `created_at`, `updated_at`, `question_l2`, `explanation_l2`, `user_submitted`) VALUES
(87, 5, 5, '', 'b04d6f28477ff53539cab3a9226102ef6026454d-86', 'checkbox', '101 is formed by?', '', 0, 4, '[{\"option_value\":\"50+50\",\"has_file\":0,\"file_name\":\"\"},{\"option_value\":\"10x50\",\"has_file\":0,\"file_name\":\"\"},{\"option_value\":\"70+30\",\"has_file\":0,\"file_name\":\"\"},{\"option_value\":\"70+50\",\"has_file\":0,\"file_name\":\"\"}]', 2, '[{\"answer\":\"1\"},{\"answer\":\"3\"}]', 2, 30, 'easy', 'Test Hint', 'Test Explanation', NULL, 1, '2018-04-04 05:59:51', '2018-04-04 05:59:51', NULL, NULL, NULL),
(88, 5, 5, '', '1618cdddf2ccb5579baabfb73a155eff56c809e3-87', 'checkbox', '102 is formed by?', '', 0, 4, '[{\"option_value\":\"50+50\",\"has_file\":0,\"file_name\":\"\"},{\"option_value\":\"10x50\",\"has_file\":0,\"file_name\":\"\"},{\"option_value\":\"70+30\",\"has_file\":0,\"file_name\":\"\"},{\"option_value\":\"70+50\",\"has_file\":0,\"file_name\":\"\"}]', 2, '[{\"answer\":\"1\"},{\"answer\":\"3\"}]', 2, 30, 'easy', 'Test Hint', 'Test Explanation', NULL, 1, '2018-04-04 05:59:51', '2018-04-04 05:59:51', NULL, NULL, NULL),
(89, 5, 5, '', '25500e89702cd6f4d2698c1353f541c3fe8eaf72-88', 'checkbox', '103 is formed by?', '', 0, 4, '[{\"option_value\":\"50+50\",\"has_file\":0,\"file_name\":\"\"},{\"option_value\":\"10x50\",\"has_file\":0,\"file_name\":\"\"},{\"option_value\":\"70+30\",\"has_file\":0,\"file_name\":\"\"},{\"option_value\":\"70+50\",\"has_file\":0,\"file_name\":\"\"}]', 2, '[{\"answer\":\"1\"},{\"answer\":\"3\"}]', 2, 30, 'easy', 'Test Hint', 'Test Explanation', NULL, 1, '2018-04-04 05:59:51', '2018-04-04 05:59:51', NULL, NULL, NULL),
(90, 5, 5, '', 'dcecd3f4143ebc7b0b30c201dacbb4dd495fdbfc-89', 'checkbox', '104 is formed by?', '', 0, 4, '[{\"option_value\":\"50+50\",\"has_file\":0,\"file_name\":\"\"},{\"option_value\":\"10x50\",\"has_file\":0,\"file_name\":\"\"},{\"option_value\":\"70+30\",\"has_file\":0,\"file_name\":\"\"},{\"option_value\":\"70+50\",\"has_file\":0,\"file_name\":\"\"}]', 2, '[{\"answer\":\"1\"},{\"answer\":\"3\"}]', 2, 30, 'easy', 'Test Hint', 'Test Explanation', NULL, 1, '2018-04-04 05:59:51', '2018-04-04 05:59:51', NULL, NULL, NULL),
(91, 5, 5, '', '82893ff3a88a266ced8a8bb92d2af6669bd5dec3-90', 'checkbox', '105 is formed by?', '', 0, 4, '[{\"option_value\":\"50+50\",\"has_file\":0,\"file_name\":\"\"},{\"option_value\":\"10x50\",\"has_file\":0,\"file_name\":\"\"},{\"option_value\":\"70+30\",\"has_file\":0,\"file_name\":\"\"},{\"option_value\":\"70+50\",\"has_file\":0,\"file_name\":\"\"}]', 2, '[{\"answer\":\"1\"},{\"answer\":\"3\"}]', 2, 30, 'easy', 'Test Hint', 'Test Explanation', NULL, 1, '2018-04-04 05:59:51', '2018-04-04 05:59:51', NULL, NULL, NULL),
(92, 5, 5, '', '0983e4f01647892e522bf893041862d6ad73512c-91', 'checkbox', '106 is formed by?', '', 0, 4, '[{\"option_value\":\"50+50\",\"has_file\":0,\"file_name\":\"\"},{\"option_value\":\"10x50\",\"has_file\":0,\"file_name\":\"\"},{\"option_value\":\"70+30\",\"has_file\":0,\"file_name\":\"\"},{\"option_value\":\"70+50\",\"has_file\":0,\"file_name\":\"\"}]', 2, '[{\"answer\":\"1\"},{\"answer\":\"3\"}]', 2, 30, 'easy', 'Test Hint', 'Test Explanation', NULL, 1, '2018-04-04 05:59:51', '2018-04-04 05:59:51', NULL, NULL, NULL),
(93, 5, 5, '', 'f9f4135c3f9fa8e86f71e9a4584a1eb888bb8048-92', 'checkbox', '107 is formed by?', '', 0, 4, '[{\"option_value\":\"50+50\",\"has_file\":0,\"file_name\":\"\"},{\"option_value\":\"10x50\",\"has_file\":0,\"file_name\":\"\"},{\"option_value\":\"70+30\",\"has_file\":0,\"file_name\":\"\"},{\"option_value\":\"70+50\",\"has_file\":0,\"file_name\":\"\"}]', 2, '[{\"answer\":\"1\"},{\"answer\":\"3\"}]', 2, 30, 'easy', 'Test Hint', 'Test Explanation', NULL, 1, '2018-04-04 05:59:51', '2018-04-04 05:59:51', NULL, NULL, NULL),
(94, 5, 5, '', '7fc4bc723b4430f1abf40ca2c476b51ca96517b6-93', 'checkbox', '108 is formed by?', '', 0, 4, '[{\"option_value\":\"50+50\",\"has_file\":0,\"file_name\":\"\"},{\"option_value\":\"10x50\",\"has_file\":0,\"file_name\":\"\"},{\"option_value\":\"70+30\",\"has_file\":0,\"file_name\":\"\"},{\"option_value\":\"70+50\",\"has_file\":0,\"file_name\":\"\"}]', 2, '[{\"answer\":\"1\"},{\"answer\":\"3\"}]', 2, 30, 'easy', 'Test Hint', 'Test Explanation', NULL, 1, '2018-04-04 05:59:51', '2018-04-04 05:59:51', NULL, NULL, NULL),
(95, 5, 5, '', 'c6d4a70fb60c487662e3f049c919b006db3b4324-94', 'checkbox', '109 is formed by?', '', 0, 4, '[{\"option_value\":\"50+50\",\"has_file\":0,\"file_name\":\"\"},{\"option_value\":\"10x50\",\"has_file\":0,\"file_name\":\"\"},{\"option_value\":\"70+30\",\"has_file\":0,\"file_name\":\"\"},{\"option_value\":\"70+50\",\"has_file\":0,\"file_name\":\"\"}]', 2, '[{\"answer\":\"1\"},{\"answer\":\"3\"}]', 2, 30, 'easy', 'Test Hint', 'Test Explanation', NULL, 1, '2018-04-04 05:59:51', '2018-04-04 05:59:51', NULL, NULL, NULL),
(96, 5, 5, '', 'b7e177954222589cb342f052f7ee13552f002d98-95', 'checkbox', '110 is formed by?', '', 0, 4, '[{\"option_value\":\"50+50\",\"has_file\":0,\"file_name\":\"\"},{\"option_value\":\"10x50\",\"has_file\":0,\"file_name\":\"\"},{\"option_value\":\"70+30\",\"has_file\":0,\"file_name\":\"\"},{\"option_value\":\"70+50\",\"has_file\":0,\"file_name\":\"\"}]', 2, '[{\"answer\":\"1\"},{\"answer\":\"3\"}]', 2, 30, 'easy', 'Test Hint', 'Test Explanation', NULL, 1, '2018-04-04 05:59:51', '2018-04-04 05:59:51', NULL, NULL, NULL),
(97, 5, 5, '', 'c7a640113ce67275c66a998d1ee562c72f957822-96', 'checkbox', '111 is formed by?', '', 0, 4, '[{\"option_value\":\"50+50\",\"has_file\":0,\"file_name\":\"\"},{\"option_value\":\"10x50\",\"has_file\":0,\"file_name\":\"\"},{\"option_value\":\"70+30\",\"has_file\":0,\"file_name\":\"\"},{\"option_value\":\"70+50\",\"has_file\":0,\"file_name\":\"\"}]', 2, '[{\"answer\":\"1\"},{\"answer\":\"3\"}]', 2, 30, 'easy', 'Test Hint', 'Test Explanation', NULL, 1, '2018-04-04 05:59:51', '2018-04-04 05:59:51', NULL, NULL, NULL),
(98, 5, 5, '', 'e86edabb74e4a0faac8b85ce059ebc9d692d789f-97', 'checkbox', '112 is formed by?', '', 0, 4, '[{\"option_value\":\"50+50\",\"has_file\":0,\"file_name\":\"\"},{\"option_value\":\"10x50\",\"has_file\":0,\"file_name\":\"\"},{\"option_value\":\"70+30\",\"has_file\":0,\"file_name\":\"\"},{\"option_value\":\"70+50\",\"has_file\":0,\"file_name\":\"\"}]', 2, '[{\"answer\":\"1\"},{\"answer\":\"3\"}]', 2, 30, 'easy', 'Test Hint', 'Test Explanation', NULL, 1, '2018-04-04 05:59:51', '2018-04-04 05:59:51', NULL, NULL, NULL),
(99, 5, 5, '', 'c770af561eae7563e439ba62b9f84259fde246bc-98', 'checkbox', '113 is formed by?', '', 0, 4, '[{\"option_value\":\"50+50\",\"has_file\":0,\"file_name\":\"\"},{\"option_value\":\"10x50\",\"has_file\":0,\"file_name\":\"\"},{\"option_value\":\"70+30\",\"has_file\":0,\"file_name\":\"\"},{\"option_value\":\"70+50\",\"has_file\":0,\"file_name\":\"\"}]', 2, '[{\"answer\":\"1\"},{\"answer\":\"3\"}]', 2, 30, 'easy', 'Test Hint', 'Test Explanation', NULL, 1, '2018-04-04 05:59:51', '2018-04-04 05:59:51', NULL, NULL, NULL),
(100, 5, 5, '', '1a0bc6d3bd3fd4def76f23a9a6bf5ae5cd5e3d5b-99', 'checkbox', '114 is formed by?', '', 0, 4, '[{\"option_value\":\"50+50\",\"has_file\":0,\"file_name\":\"\"},{\"option_value\":\"10x50\",\"has_file\":0,\"file_name\":\"\"},{\"option_value\":\"70+30\",\"has_file\":0,\"file_name\":\"\"},{\"option_value\":\"70+50\",\"has_file\":0,\"file_name\":\"\"}]', 2, '[{\"answer\":\"1\"},{\"answer\":\"3\"}]', 2, 30, 'easy', 'Test Hint', 'Test Explanation', NULL, 1, '2018-04-04 05:59:51', '2018-04-04 05:59:51', NULL, NULL, NULL),
(101, 5, 5, '', '46aea8a12e292709c113ecb7f128b0434ea49a2d-100', 'checkbox', '115 is formed by?', '', 0, 4, '[{\"option_value\":\"50+50\",\"has_file\":0,\"file_name\":\"\"},{\"option_value\":\"10x50\",\"has_file\":0,\"file_name\":\"\"},{\"option_value\":\"70+30\",\"has_file\":0,\"file_name\":\"\"},{\"option_value\":\"70+50\",\"has_file\":0,\"file_name\":\"\"}]', 2, '[{\"answer\":\"1\"},{\"answer\":\"3\"}]', 2, 30, 'easy', 'Test Hint', 'Test Explanation', NULL, 1, '2018-04-04 05:59:51', '2018-04-04 05:59:51', NULL, NULL, NULL),
(102, 5, 5, '', 'aae4f42680a5c71aee3b1565e8052ce62dbd0a77-101', 'checkbox', '116 is formed by?', '', 0, 4, '[{\"option_value\":\"50+50\",\"has_file\":0,\"file_name\":\"\"},{\"option_value\":\"10x50\",\"has_file\":0,\"file_name\":\"\"},{\"option_value\":\"70+30\",\"has_file\":0,\"file_name\":\"\"},{\"option_value\":\"70+50\",\"has_file\":0,\"file_name\":\"\"}]', 2, '[{\"answer\":\"1\"},{\"answer\":\"3\"}]', 2, 30, 'easy', 'Test Hint', 'Test Explanation', NULL, 1, '2018-04-04 05:59:51', '2018-04-04 05:59:51', NULL, NULL, NULL),
(103, 5, 5, '', 'da292a9d098ef2f00772d6ce09e2a55ca0d5d7e5-102', 'checkbox', '117 is formed by?', '', 0, 4, '[{\"option_value\":\"50+50\",\"has_file\":0,\"file_name\":\"\"},{\"option_value\":\"10x50\",\"has_file\":0,\"file_name\":\"\"},{\"option_value\":\"70+30\",\"has_file\":0,\"file_name\":\"\"},{\"option_value\":\"70+50\",\"has_file\":0,\"file_name\":\"\"}]', 2, '[{\"answer\":\"1\"},{\"answer\":\"3\"}]', 2, 30, 'easy', 'Test Hint', 'Test Explanation', NULL, 1, '2018-04-04 05:59:51', '2018-04-04 05:59:51', NULL, NULL, NULL),
(104, 5, 5, '', '3316ea6c18f574ec3a55ada682bdae12f17c9207-103', 'blanks', 'Which state Hyderabad belongs to', '', 0, 0, '', 2, '[{\"answer\":\"Telangana\"},{\"answer\":\"Andhra Pradesh\"}]', 2, 30, 'easy', '', '', NULL, 1, '2018-04-04 06:00:03', '2018-04-04 06:00:03', NULL, NULL, NULL),
(105, 5, 5, '', '52d6ec77366c3ae074d42fd4b7f2e96d13b8b0b7-104', 'blanks', 'Which state Hyderabad belongs to', '', 0, 0, '', 2, '[{\"answer\":\"Telangana\"},{\"answer\":\"Andhra Pradesh\"}]', 2, 30, 'easy', '', '', NULL, 1, '2018-04-04 06:00:03', '2018-04-04 06:00:03', NULL, NULL, NULL),
(106, 5, 5, '', '44f44302b7106c49c4d4c8eecbb7809d03627cbc-105', 'blanks', 'Which state Hyderabad belongs to', '', 0, 0, '', 2, '[{\"answer\":\"Telangana\"},{\"answer\":\"Andhra Pradesh\"}]', 2, 30, 'easy', '', '', NULL, 1, '2018-04-04 06:00:03', '2018-04-04 06:00:03', NULL, NULL, NULL),
(107, 5, 5, '', 'dcd602dc4e519950ef361d59463cf7610a43a538-106', 'blanks', 'Which state Hyderabad belongs to', '', 0, 0, '', 2, '[{\"answer\":\"Telangana\"},{\"answer\":\"Andhra Pradesh\"}]', 2, 30, 'easy', '', '', NULL, 1, '2018-04-04 06:00:03', '2018-04-04 06:00:03', NULL, NULL, NULL),
(108, 5, 5, '', '2bd85d08b132b9f872b3efd8c5dc08af292937cc-107', 'blanks', 'Which state Hyderabad belongs to', '', 0, 0, '', 2, '[{\"answer\":\"Telangana\"},{\"answer\":\"Andhra Pradesh\"}]', 2, 30, 'easy', '', '', NULL, 1, '2018-04-04 06:00:03', '2018-04-04 06:00:03', NULL, NULL, NULL),
(109, 5, 5, '', '93f5fb523239138f93346e28146523e50834f749-108', 'blanks', 'Which state Hyderabad belongs to', '', 0, 0, '', 2, '[{\"answer\":\"Telangana\"},{\"answer\":\"Andhra Pradesh\"}]', 2, 30, 'easy', '', '', NULL, 1, '2018-04-04 06:00:03', '2018-04-04 06:00:03', NULL, NULL, NULL),
(110, 5, 5, '', '571d905126aaef6ef86b3561a54596ab3c925ff6-109', 'blanks', 'Which state Hyderabad belongs to', '', 0, 0, '', 2, '[{\"answer\":\"Telangana\"},{\"answer\":\"Andhra Pradesh\"}]', 2, 30, 'easy', '', '', NULL, 1, '2018-04-04 06:00:03', '2018-04-04 06:00:03', NULL, NULL, NULL),
(111, 5, 5, '', 'eee363c8d32b278d1430575bbc786587848a7199-110', 'blanks', 'Which state Hyderabad belongs to', '', 0, 0, '', 2, '[{\"answer\":\"Telangana\"},{\"answer\":\"Andhra Pradesh\"}]', 2, 30, 'easy', '', '', NULL, 1, '2018-04-04 06:00:03', '2018-04-04 06:00:03', NULL, NULL, NULL),
(112, 5, 5, '', '11482239fae82ab98fb16502362e96bee8bd1a66-111', 'blanks', 'Which state Hyderabad belongs to', '', 0, 0, '', 2, '[{\"answer\":\"Telangana\"},{\"answer\":\"Andhra Pradesh\"}]', 2, 30, 'easy', '', '', NULL, 1, '2018-04-04 06:00:03', '2018-04-04 06:00:03', NULL, NULL, NULL),
(113, 5, 5, '', '750e9255b8d90021fd7b638e73817f93b899f475-112', 'blanks', 'Which state Hyderabad belongs to', '', 0, 0, '', 2, '[{\"answer\":\"Telangana\"},{\"answer\":\"Andhra Pradesh\"}]', 2, 30, 'easy', '', '', NULL, 1, '2018-04-04 06:00:03', '2018-04-04 06:00:03', NULL, NULL, NULL),
(114, 5, 5, '', '846d30ba1d2418c96dc3f6a1be41678d048eb059-113', 'blanks', 'Which state Hyderabad belongs to', '', 0, 0, '', 2, '[{\"answer\":\"Telangana\"},{\"answer\":\"Andhra Pradesh\"}]', 2, 30, 'easy', '', '', NULL, 1, '2018-04-04 06:00:03', '2018-04-04 06:00:03', NULL, NULL, NULL),
(115, 5, 5, '', '32c010271f86c1d8a5f7a8b0f7287bfd50ab3bc7-114', 'blanks', 'Which state Hyderabad belongs to', '', 0, 0, '', 2, '[{\"answer\":\"Telangana\"},{\"answer\":\"Andhra Pradesh\"}]', 2, 30, 'easy', '', '', NULL, 1, '2018-04-04 06:00:03', '2018-04-04 06:00:03', NULL, NULL, NULL),
(116, 5, 5, '', '84c9ec1336e24c87d08d86b5834cd7890860cfad-115', 'blanks', 'Which state Hyderabad belongs to', '', 0, 0, '', 2, '[{\"answer\":\"Telangana\"},{\"answer\":\"Andhra Pradesh\"}]', 2, 30, 'easy', '', '', NULL, 1, '2018-04-04 06:00:03', '2018-04-04 06:00:03', NULL, NULL, NULL),
(117, 5, 5, '', 'ddc64ea9cfb270b3e4c056c870aaa39622e69882-116', 'blanks', 'Which state Hyderabad belongs to', '', 0, 0, '', 2, '[{\"answer\":\"Telangana\"},{\"answer\":\"Andhra Pradesh\"}]', 2, 30, 'easy', '', '', NULL, 1, '2018-04-04 06:00:03', '2018-04-04 06:00:03', NULL, NULL, NULL),
(118, 5, 5, '', 'a49b88904483719f1909a07c087268cc44c47380-117', 'blanks', 'Which state Hyderabad belongs to', '', 0, 0, '', 2, '[{\"answer\":\"Telangana\"},{\"answer\":\"Andhra Pradesh\"}]', 2, 30, 'easy', '', '', NULL, 1, '2018-04-04 06:00:03', '2018-04-04 06:00:03', NULL, NULL, NULL),
(119, 5, 5, '', 'a7153970da905d574b4b1b8f0b0e17cdba07240c-118', 'blanks', 'Which state Hyderabad belongs to', '', 0, 0, '', 2, '[{\"answer\":\"Telangana\"},{\"answer\":\"Andhra Pradesh\"}]', 2, 30, 'easy', '', '', NULL, 1, '2018-04-04 06:00:03', '2018-04-04 06:00:03', NULL, NULL, NULL),
(120, 5, 5, '', '97a5e53ac19122a85c53cea8962222d293891071-119', 'blanks', 'Which state Hyderabad belongs to', '', 0, 0, '', 2, '[{\"answer\":\"Telangana\"},{\"answer\":\"Andhra Pradesh\"}]', 2, 30, 'easy', '', '', NULL, 1, '2018-04-04 06:00:03', '2018-04-04 06:00:03', NULL, NULL, NULL),
(121, 5, 5, '', 'a1c602ef1ae0df98cc6605184c76da6d1f0f3f22-120', 'blanks', 'Which state Hyderabad belongs to', '', 0, 0, '', 2, '[{\"answer\":\"Telangana\"},{\"answer\":\"Andhra Pradesh\"}]', 2, 30, 'easy', '', '', NULL, 1, '2018-04-04 06:00:03', '2018-04-04 06:00:03', NULL, NULL, NULL),
(122, 5, 5, '', '9fda2d7dd0cdfa0a2be9cb0c79d1a86b955821d2-121', 'blanks', 'Which state Hyderabad belongs to', '', 0, 0, '', 2, '[{\"answer\":\"Telangana\"},{\"answer\":\"Andhra Pradesh\"}]', 2, 30, 'easy', '', '', NULL, 1, '2018-04-04 06:00:03', '2018-04-04 06:00:03', NULL, NULL, NULL),
(123, 7, 9, '', '5b310f818d74f3916872ad98db5a286c94eb73d5-122', 'radio', '<h2>&nbsp;</h2>\r\n\r\n<p>Three partners shared the profit in a business in the ratio 5 : 7 : 8. They had partnered for 14 months, 8 months and 7 months respectively. What was the ratio of their investments?</p>\r\n', '', 0, 2, '[{\"option_value\":\" 5 : 7 : 8      \",\"optionl2_value\":\"\\u092c\\u091b\\u0947\\u095c\\u093e\",\"has_file\":0,\"file_name\":\"\"},{\"option_value\":\" 20 : 49 : 64      \",\"optionl2_value\":\"\\u092a\\u093f\\u0932\\u094d\\u0932\\u093e\",\"has_file\":0,\"file_name\":\"\"}]', 1, '1', 2, 20, 'easy', 'No Hint', '<p>No Explanation</p>\r\n', NULL, 1, '2018-04-04 09:08:17', '2018-04-04 09:08:17', '<p>जैसे किसी गाय के लिए बछड़ा है, वैसे ही किसी बकरी के लिए है ?</p>\r\n', '<p>जैसे किसी गाय के लिए बछड़ा है, वैसे ही किसी बकरी के लिए है ?</p>\r\n', NULL),
(124, 7, 9, '', '21cdb6777ea297c83ad006789199157ffb17b4f6-123', 'radio', '<p>Three partners A, B, C start a business. B&#39;s Capital is four times C&#39;s capital and twice A&#39;s capital is equal to thrice B&#39;s capital. If the total profit is Rs 16500 at the end of a year, Find out B&#39;s share in it.</p>\r\n', '', 0, 2, '[{\"option_value\":\" 6000\",\"optionl2_value\":\"\\u0906\\u0915\\u093e\\u0936\",\"has_file\":0,\"file_name\":\"\"},{\"option_value\":\"5000\",\"optionl2_value\":\"\\u0935\\u093e\\u092f\\u0941\",\"has_file\":0,\"file_name\":\"\"}]', 1, '1', 2, 20, 'easy', 'No Hint', '<p>No Explanation</p>\r\n', NULL, 1, '2018-04-04 09:10:21', '2018-04-04 09:10:21', '<p>&#39;मछली&#39; जैसे जल से सम्बन्धित है, वैसे ही &#39;चिड़िया&#39; किससे सम्बन्धित है ?</p>\r\n', '<p>&#39;मछली&#39; जैसे जल से सम्बन्धित है, वैसे ही &#39;चिड़िया&#39; किससे सम्बन्धित है ?</p>\r\n', NULL),
(125, 7, 9, '', 'cc17b3f5dfb1090bbb81dcec3502a6cb2861b48f-124', 'radio', '<p>Kamal started a business investing Rs 9000. After five months, Sameer joined with a capital of Rs 8000. If at the end of the year, they earn a profit of Rs. 6970, then what will be the share of Sameer in the profit?</p>\r\n', '', 0, 2, '[{\"option_value\":\" Rs 2380\",\"optionl2_value\":\"\\u0906\\u0915\\u093e\\u0936\",\"has_file\":0,\"file_name\":\"\"},{\"option_value\":\"Rs 2300\",\"optionl2_value\":\"\\u0935\\u093e\\u092f\\u0941\",\"has_file\":0,\"file_name\":\"\"}]', 1, '1', 2, 20, 'easy', 'No hint', '<p>No Explanation</p>\r\n', NULL, 1, '2018-04-04 10:24:20', '2018-04-04 10:24:20', '<p>&#39;जहाज&#39; जैसे &#39;कप्तान&#39; से सम्बन्धित है, वैसे ही &#39;अखबार&#39; किससे सम्बन्धित है ?</p>\r\n', '<p>&#39;जहाज&#39; जैसे &#39;कप्तान&#39; से सम्बन्धित है, वैसे ही &#39;अखबार&#39; किससे सम्बन्धित है ?</p>\r\n', NULL),
(126, 7, 9, '', '5a39da88aa129518b4f0860a440a06bfbee8cd0d-125', 'checkbox', '<p>P and Q invested in a business. The profit earned was divided in the ratio 2 : 3. If P invested Rs 40000, the amount invested by Q is</p>\r\n', '', 0, 3, '[{\"option_value\":\"Rs. 40000\",\"optionl2_value\":\"\\u092c\\u091c\\u093e\\u091c\",\"has_file\":0,\"file_name\":\"\"},{\"option_value\":\"Rs. 50000\",\"optionl2_value\":\" \\u0915\\u092e\\u0940\\u091c\",\"has_file\":0,\"file_name\":\"\"},{\"option_value\":\"Rs. 60000\",\"optionl2_value\":\"\\u0927\\u093e\\u0917\\u093e\",\"has_file\":0,\"file_name\":\"\"}]', 2, '[{\"answer\":\"1\"},{\"answer\":\"3\"}]', 2, 20, 'easy', 'No Hint', '<p>No&nbsp;Explanation</p>\r\n', NULL, 1, '2018-04-04 10:26:37', '2018-04-04 10:26:37', '<p>मोची : चमड़ा : : दर्जी : ?</p>\r\n', '<p>मोची : चमड़ा : : दर्जी : ?</p>\r\n', NULL),
(127, 7, 9, '', '4e41aa7dda2cc044e046bb36b4aa70f7a4462c61-126', 'checkbox', '<p>If 4 (P&#39;s Capital ) = 6 ( Q&#39;s Capital ) = 10 ( R&#39;s Capital ) , then out of the total profit of Rs 4650 , R will receive</p>\r\n', '', 0, 3, '[{\"option_value\":\"Rs. 600\",\"optionl2_value\":\" \\u092e\\u0940\\u091f\",\"has_file\":0,\"file_name\":\"\"},{\"option_value\":\"Rs. 700\",\"optionl2_value\":\"\\u0935\\u0940\\u0932\",\"has_file\":0,\"file_name\":\"\"},{\"option_value\":\" Rs. 800\",\"optionl2_value\":\"\\u092b\\u094d\\u0932\\u0947\\u0936\",\"has_file\":0,\"file_name\":\"\"}]', 2, '[{\"answer\":\"1\"},{\"answer\":\"3\"}]', 2, 20, 'easy', 'NO Hint', '<p>Explanation</p>\r\n', NULL, 1, '2018-04-04 10:28:43', '2018-04-04 10:28:43', '<p>भेड़ : मटन : : हिरन : ?</p>\r\n', '<p>भेड़ : मटन : : हिरन : ?</p>\r\n', NULL),
(128, 7, 9, '', '61c767ff4e251fda4fa6fa3abf8a968881750290-127', 'checkbox', '<p>A, B, C rent a pasture. A puts 10 oxen for 7 months, B puts 12 oxen for 5 months and C puts 15 oxen for 3 months for grazing. If the rent of the pasture is Rs. 175, how much must C pay as his share of rent?</p>\r\n', '', 0, 3, '[{\"option_value\":\" Rs. 45\",\"optionl2_value\":\"\\u0935\\u0930\\u094d\\u0917 \\u092b\\u0940\\u091f \",\"has_file\":0,\"file_name\":\"\"},{\"option_value\":\" Rs. 50\",\"optionl2_value\":\"\\u0935\\u0930\\u094d\\u0917\\u092e\\u0942\\u0932\",\"has_file\":0,\"file_name\":\"\"},{\"option_value\":\"Rs. 55\",\"optionl2_value\":\" \\u0935\\u0930\\u094d\\u0917 \\u0907\\u0902\\u091a \",\"has_file\":0,\"file_name\":\"\"}]', 2, '[{\"answer\":\"1\"},{\"answer\":\"3\"}]', 2, 20, 'easy', 'NO Hint', '', NULL, 1, '2018-04-04 10:39:49', '2018-04-04 10:39:49', '<p>निम्नलिखित शब्दों में से विषम शब्द चुनिए ?</p>\r\n', '<p>निम्नलिखित शब्दों में से विषम शब्द चुनिए ?</p>\r\n', NULL),
(129, 7, 9, '', 'a917ca37643c6536e3dff7e8f7575ea9ae524540-128', 'checkbox', '<p>In a business, A and C invested amounts in the ratio 2 : 1 , whereas the ratio between amounts invested by A and B was 3 : 2 . If Rs 157300 was their profit, how much amount did B receive?</p>\r\n', '', 0, 3, '[{\"option_value\":\"Rs. 48000\",\"optionl2_value\":\"\\u0928\\u093e\\u0915\",\"has_file\":0,\"file_name\":\"\"},{\"option_value\":\"Rs. 48200\",\"optionl2_value\":\" \\u0939\\u094b\\u0902\\u0920\",\"has_file\":0,\"file_name\":\"\"},{\"option_value\":\"Rs. 48400\",\"optionl2_value\":\"\\u0917\\u0932\\u093e\",\"has_file\":0,\"file_name\":\"\"}]', 2, '[{\"answer\":\"1\"},{\"answer\":\"3\"}]', 2, 20, 'easy', '', '', NULL, 1, '2018-04-04 10:41:44', '2018-04-04 10:41:44', '<p>निम्नलिखित शब्दों में से विषम शब्द चुनिए ?</p>\r\n', '<p>निम्नलिखित शब्दों में से विषम शब्द चुनिए ?</p>\r\n', NULL),
(130, 7, 9, '', '4b2ca84f8a606eeb041fe820914f07fa50d0de47-129', 'radio', '<p>A and B started a business in partnership investing Rs. 20,000 and Rs. 15,000 respectively. After six months, C joined them with Rs. 20,000. What will be B&#39;s share in total profit of Rs. 25,000 earned at the end of 2 years from the starting of the business?</p>\r\n', '', 0, 2, '[{\"option_value\":\"Rs. 7500 \",\"optionl2_value\":\"\\u092e\\u0939\\u093e\\u0938\\u093e\\u0917\\u0930\",\"has_file\":0,\"file_name\":\"\"},{\"option_value\":\"Rs. 9000\",\"optionl2_value\":\"\\u0915\\u0941\\u0906\\u0901\",\"has_file\":0,\"file_name\":\"\"}]', 1, '1', 2, 20, 'easy', '', '', NULL, 1, '2018-04-04 10:43:11', '2018-04-04 10:43:26', '<p>निम्नलिखित शब्दों में से विषम शब्द चुनिए ?</p>\r\n', '<p>निम्नलिखित शब्दों में से विषम शब्द चुनिए ?</p>\r\n', NULL),
(131, 7, 9, '', '643597e7b685107ee7ccde85bb82eb1cf43a0615-130', 'radio', '<p>P, Q, R enter into a partnership. P initially invests 25 lakh &amp; adds another 10 lakhs after one year. Q initially invests 35 lakh &amp; withdrawal 10 lakh after 2 years and R invests Rs 30 Lakhs . In what ratio should the profit be divided at the end of 3 years?</p>\r\n', '', 0, 2, '[{\"option_value\":\"18:19:19\",\"optionl2_value\":\"\\u0927\\u094b\\u0916\\u093e\",\"has_file\":0,\"file_name\":\"\"},{\"option_value\":\" 18:18:19\",\"optionl2_value\":\"\\u0938\\u093e\\u0939\\u093f\\u0924\\u094d\\u092f\\u093f\\u0915\",\"has_file\":0,\"file_name\":\"\"}]', 1, '1', 2, 20, 'easy', '', '', NULL, 1, '2018-04-04 10:45:04', '2018-04-04 10:45:04', '<p>धन : दुरूपयोग : : लेखन : ?</p>\r\n', '<p>धन : दुरूपयोग : : लेखन : ?</p>\r\n', NULL),
(132, 7, 9, '', 'c8570e1fa79af4d6e3c3f686fdf3f87304e74b21-131', 'match', '<p>A, B, C subscribe Rs. 50,000 for a business. A subscribes Rs. 4000 more than B and B Rs. 5000 more than C. Out of a total profit of Rs. 35,000, A receives</p>\r\n', '', 0, 3, '{\"left\":{\"title\":\"List II\",\"titlel2\":\"\\u0932\\u093f\\u0938\\u094d\\u091f\\u094d I\",\"options\":[\"Rs. 8400 \",\"Rs. 11,900\",\"Rs. 13,600 \"],\"optionsl2\":[\" \\u0938\\u094d\\u0935\\u093e\\u0930\\u094d\\u0925\\u0940\",\"\\u0928\\u093f\\u0915\\u0943\\u0937\\u094d\\u091f\",\"\\u0909\\u0926\\u093e\\u0938\"]},\"right\":{\"title\":\"List II\",\"titlel2\":\"\\u0932\\u093f\\u0938\\u094d\\u091f\\u094d II\",\"options\":[\"18:19:19\",\"19:19:18\",\"18:18:19\"],\"optionsl2\":[\"\\u0928\\u0917\\u0923\\u094d\\u092f\",\" \\u092c\\u0947\\u0915\\u0930\",\"\\u0916\\u0930\\u0940\\u0926\\u093e\\u0930\"]}}', 3, '[{\"answer\":\"1\"},{\"answer\":\"2\"},{\"answer\":\"3\"}]', 2, 30, 'easy', '', '', NULL, 1, '2018-04-04 10:51:27', '2018-04-04 10:51:27', '<p>आशावादी : प्रसन्न : : निराशावादी : ? <strong> </strong></p>\r\n', '<p>आशावादी : प्रसन्न : : निराशावादी : ?</p>\r\n', NULL),
(133, 7, 9, '', '6d54e2bfd63a4e98f5aa2a404d27cc666cd73778-132', 'match', '<p>A and B invest in a business in the ratio 3 : 2. If 5% of the total profit goes to charity and A&#39;s share is Rs. 855, the total profit is:</p>\r\n', '', 0, 3, '{\"left\":{\"title\":\"List I\",\"titlel2\":\"\\u0932\\u093f\\u0938\\u094d\\u091f\\u094d I\",\"options\":[\"Rs. 1425\",\"Rs. 1537.50\",\"Rs. 1900\"],\"optionsl2\":[\"\\u0907\\u0932\\u0948\\u0915\\u094d\\u091f\\u094d\\u0930\\u093f\\u0915 \\u0917\\u093f\\u091f\\u093e\\u0930 \",\"\\u092e\\u093e\\u0909\\u0925 \\u0906\\u0930\\u094d\\u0917\\u0928 \",\"\\u0938\\u094b\\u0928\\u093e\\u091f\\u093e\"]},\"right\":{\"title\":\"List II\",\"titlel2\":\"\\u0932\\u093f\\u0938\\u094d\\u091f\\u094d II\",\"options\":[\" Rs. 1500\",\"Rs. 1576\",\"Rs. 2800\"],\"optionsl2\":[\"\\u092e\\u093e\\u0909\\u0925 \\u0906\\u0930\\u094d\\u0917\\u0928 \",\"\\u0938\\u094b\\u0928\\u093e\\u091f\\u093e\",\"\\u0907\\u0932\\u0948\\u0915\\u094d\\u091f\\u094d\\u0930\\u093f\\u0915 \\u0917\\u093f\\u091f\\u093e\\u0930 \"]}}', 3, '[{\"answer\":\"1\"},{\"answer\":\"2\"},{\"answer\":\"3\"}]', 2, 30, 'easy', '', '', NULL, 1, '2018-04-04 10:54:27', '2018-04-04 10:54:27', '<p>निम्नलिखित शब्दों में से विषम शब्द चुनिए ?</p>\r\n', '<p><strong>निम्नलिखित शब्दों में से विषम शब्द चुनिए ? </strong></p>\r\n', NULL),
(134, 7, 9, '', '9521332b769671936424d8644af62b0c52c1bf3a-133', 'blanks', '<p>1, 9, 25, 49, ?, 121. What will come at the place of question mark ?</p>\r\n', '', 0, 1, '[]', 1, '[{\"answer\":\"100\"}]', 2, 30, 'easy', '', '', NULL, 1, '2018-04-04 10:56:44', '2018-04-04 10:57:49', '', '', NULL),
(135, 7, 9, '', '1504de9d0d63c4b37d53bfd506bbe50d0ad3340f-134', 'blanks', '<p>4, 7, 12, 19, 28, ?</p>\r\n', '', 0, 0, '[]', 1, '[{\"answer\":\"100\"}]', 2, 20, 'easy', '', '', NULL, 1, '2018-04-04 11:01:11', '2018-04-04 11:01:11', '', '', NULL),
(136, 7, 9, '', '696c13a36464f00b35488766b3757bdb60b5daf9-135', 'blanks', '<p>6, 11, 21, 36, 56, ?</p>\r\n', '', 0, 0, '[]', 1, '[{\"answer\":\"100\"}]', 2, 30, 'easy', '', '', NULL, 1, '2018-04-04 11:02:11', '2018-04-04 11:02:11', '', '', NULL),
(137, 7, 9, '', 'd371dbf4b1c1f8f10e7df1ec0788635a72eb3f74-136', 'blanks', '<p>6, 11, 21, 36, 56, ?</p>\r\n', '', 0, 0, '[]', 1, '[{\"answer\":\"100\"}]', 2, 30, 'easy', '', '', NULL, 1, '2018-04-04 11:02:12', '2018-04-04 11:02:12', '', '', NULL),
(138, 7, 9, '', '68e5392ed965f8e8bddbdb5db5f741f46eddf6da-137', 'blanks', '<p>10, 100, 200, 310, ?</p>\r\n', '', 0, 1, '[]', 1, '[{\"answer\":\"100\"}]', 25, 30, 'easy', '', '', NULL, 1, '2018-04-04 11:02:59', '2018-04-04 11:03:15', '', '', NULL),
(139, 7, 9, '', 'a31e334b6f8ddd7a49ed8cb99882f51223890035-138', 'para', '<p>Rearrange the following five sentences in the proper sequence so as to for a meaningful paragraph, then answer the questions given below them.</p>\r\n', '', 0, 2, '[{\"question\":\"Which sentence should come third in the paragraph?\",\"questionl2\":\"\",\"total_options\":\"2\",\"options\":[[\"After Examining him, the doctor smiled at him mischievously and took out a syringe.\",\"Thinking that he was really sick, his father summoned the family doctor.\"]],\"optionsl2\":[[\"\",\"\"]]},{\"question\":\"Which sentence should come last in the paragraph?\",\"questionl2\":\"\",\"total_options\":\"2\",\"options\":{\"1\":[\"That day, Mintu wanted to take a day off from school\",\"Immediately, Mintu jumped up from his bed and swore the he was fine\"]},\"optionsl2\":{\"1\":[\"\",\"\"]}}]', 2, '[{\"answer\":\"1\"},{\"answer\":\"1\"}]', 2, 30, 'easy', '', '<p>No Explanation</p>\r\n', NULL, 1, '2018-04-04 11:06:22', '2018-04-04 11:06:22', '', '', NULL),
(140, 7, 9, '', 'e1d70c6b90f79642d8ae70f9cc2b7389bbe83281-139', 'para', '<p>Read the following five sentences in the proper sequence so as to form a meaningfull paragraph, then answer the questions given below them.</p>\r\n', '', 0, 2, '[{\"question\":\"Which sentence should come third in the paragraph?\",\"questionl2\":\"\",\"total_options\":\"2\",\"options\":[[\"Some money had to be sent to my parents.\",\"After that, I spent almost an hour at the Post Office.\"]],\"optionsl2\":[[\"\",\"\"]]},{\"question\":\"Which sentence should come first in the paragraph?\",\"questionl2\":\"\",\"total_options\":\"2\",\"options\":{\"1\":[\"However, I had no money with me.\",\"Therefore, I went to bank to withdraw some money.\"]},\"optionsl2\":{\"1\":[\"\",\"\"]}}]', 2, '[{\"answer\":\"1\"},{\"answer\":\"1\"}]', 2, 30, 'easy', '', '', NULL, 1, '2018-04-04 11:09:28', '2018-04-04 11:09:28', '', '', NULL),
(141, 7, 9, '', 'b301c2529bbbea700b67baf05f3e04bea5e56cc0-140', 'video', '<p>A box has 210 coins of denominations one-rupee and fifty paise only. The ratio of their respective values is 13:11. The number of one-rupee coin is</p>\r\n', '141question.mp4', 0, 1, '[{\"question\":\"If A and B are in the ratio 3:4, and B and C in the ratio 12:13, then A and C will be in the ratio \",\"questionl2\":\"\",\"total_options\":\"2\",\"options\":[[\"3:13\",\"9:13\"]],\"optionsl2\":[[\"\",\"\"]]}]', 1, '[{\"answer\":\"1\"}]', 2, 30, 'easy', '', '', NULL, 1, '2018-04-04 11:30:55', '2018-04-04 11:30:58', '', '', NULL),
(142, 10, 10, '', '815ed58d5c762bb80e429be0a567cf9b71e51681-141', 'radio', '<p>&nbsp;</p>\r\n\r\n<p><span class=\"math-tex\">\\(\\sqrt {53824 } \\ =?\\)</span></p>\r\n', '', 0, 2, '[{\"option_value\":\"232\",\"optionl2_value\":\"\",\"has_file\":0,\"file_name\":\"\"},{\"option_value\":\"202\",\"optionl2_value\":\"\",\"has_file\":0,\"file_name\":\"\"}]', 1, '1', 2, 30, 'easy', '', '', NULL, 1, '2019-06-04 04:41:28', '2019-06-04 04:41:28', '', '', NULL),
(143, 10, 10, '', '2353ded7608a9d1b76c3f8b36431eedbd8b0ea28-142', 'radio', '<p><strong>The square root of 64009 is :&nbsp;</strong></p>\r\n', '', 0, 2, '[{\"option_value\":\"253\",\"optionl2_value\":\"\",\"has_file\":0,\"file_name\":\"\"},{\"option_value\":\"246\",\"optionl2_value\":\"\",\"has_file\":0,\"file_name\":\"\"}]', 1, '1', 2, 30, 'easy', '', '', NULL, 1, '2019-06-04 04:42:13', '2019-06-04 04:42:13', '', '', NULL),
(144, 10, 10, '', 'c4b1ecc7505b4f8a72ba13df8f4302fea5f05dbc-143', 'radio', '<p><span class=\"math-tex\">\\(\\sqrt {1.5625 } \\ =?\\)</span></p>\r\n', '', 0, 2, '[{\"option_value\":\"1.25\",\"optionl2_value\":\"\",\"has_file\":0,\"file_name\":\"\"},{\"option_value\":\"1.65\",\"optionl2_value\":\"\",\"has_file\":0,\"file_name\":\"\"}]', 1, '1', 2, 30, 'easy', '', '', NULL, 1, '2019-06-04 04:44:25', '2019-06-04 04:44:25', '', '', NULL),
(145, 10, 10, '', '491b92570855ebc4bb33763e5acd430781661486-144', 'radio', '<p>The value of&nbsp;<span class=\"math-tex\">\\( \\sqrt {0.121} \\)</span>&nbsp; is</p>\r\n\r\n<p>&nbsp;</p>\r\n', '', 0, 2, '[{\"option_value\":\" 0.347\",\"optionl2_value\":\"\",\"has_file\":0,\"file_name\":\"\"},{\"option_value\":\"0.235\",\"optionl2_value\":\"\",\"has_file\":0,\"file_name\":\"\"}]', 1, '1', 2, 30, 'easy', '', '', NULL, 1, '2019-06-04 04:47:06', '2019-06-04 04:47:06', '', '', NULL),
(146, 10, 10, '', '2bcfddbf9bed724f63c25b3f416addfc2c161842-145', 'radio', '<p><strong>Find the number of squares?</strong></p>\r\n\r\n<p>&nbsp;</p>\r\n\r\n<p><img src=\"https://static.examsbook.com/uploads/a5792c8ee743395ada59265ddef1290a56af863a.jpg\" style=\"height:199px; width:200px\" /></p>\r\n', '', 0, 2, '[{\"option_value\":\"10\",\"optionl2_value\":\"\",\"has_file\":0,\"file_name\":\"\"},{\"option_value\":\"15\",\"optionl2_value\":\"\",\"has_file\":0,\"file_name\":\"\"}]', 1, '1', 2, 30, 'easy', '', '', NULL, 1, '2019-06-04 04:59:37', '2019-06-04 04:59:37', '', '', NULL),
(147, 10, 10, '', '6a471cf4cdea86a56944b8a9810c7f5857641046-146', 'radio', '<p><strong>Find the number of triangles?</strong></p>\r\n\r\n<p><img src=\"https://static.examsbook.com/uploads/b7377c2f5fb0f5aab8087723511d38b1034da9d2.jpg\" style=\"height:185px; width:200px\" /></p>\r\n', '', 0, 2, '[{\"option_value\":\"16\",\"optionl2_value\":\"\",\"has_file\":0,\"file_name\":\"\"},{\"option_value\":\"13\",\"optionl2_value\":\"\",\"has_file\":0,\"file_name\":\"\"}]', 1, '1', 2, 30, 'easy', '', '', NULL, 1, '2019-06-04 05:00:49', '2019-06-04 05:00:49', '', '', NULL),
(148, 10, 10, '', '432e81ddd9aed4efc9ffcc4df6e9efdfe12501a1-147', 'radio', '<p><strong>Find the number of square?</strong></p>\r\n\r\n<p><img src=\"https://static.examsbook.com/uploads/08e78e02661faff5a27ca47d3f26e47383cdcfa7.jpg\" style=\"height:196px; width:200px\" /></p>\r\n', '', 0, 2, '[{\"option_value\":\"16\",\"optionl2_value\":\"\",\"has_file\":0,\"file_name\":\"\"},{\"option_value\":\"13\",\"optionl2_value\":\"\",\"has_file\":0,\"file_name\":\"\"}]', 1, '1', 2, 30, 'easy', '', '', NULL, 1, '2019-06-04 05:01:52', '2019-06-04 05:01:52', '', '', NULL),
(149, 10, 10, '', 'b3466d0e0d50417889bbf16fdf9d3f343dc9ae48-148', 'radio', '<p><strong>Find the number of rectangles?</strong></p>\r\n\r\n<p><img src=\"https://static.examsbook.com/uploads/648c553af6c6e2ff6bdd548db8ef569b81fa3e07.jpg\" style=\"height:92px; width:200px\" /></p>\r\n', '', 0, 2, '[{\"option_value\":\"27\",\"optionl2_value\":\"\",\"has_file\":0,\"file_name\":\"\"},{\"option_value\":\"30\",\"optionl2_value\":\"\",\"has_file\":0,\"file_name\":\"\"}]', 1, '1', 2, 30, 'easy', '', '', NULL, 1, '2019-06-04 05:02:52', '2019-06-04 05:02:52', '', '', NULL),
(150, 10, 10, '', 'e579fc6b33fe61760c8123235c2f2e57bb5db2c5-149', 'radio', '<p><span class=\"math-tex\">\\(\\ If \\ a = {\\sqrt {3} \\ \\over2}, then \\ the \\ value \\ of \\ \\sqrt { 1+a} \\ +\\sqrt {1-a} \\ is\\)</span></p>\r\n', '', 0, 4, '[{\"option_value\":\"A\",\"optionl2_value\":\"\",\"has_file\":1,\"file_name\":\"150-upload_0.png\"},{\"option_value\":\"B\",\"optionl2_value\":\"\",\"has_file\":1,\"file_name\":\"150-upload_1.png\"},{\"option_value\":\"C\",\"optionl2_value\":\"\",\"has_file\":1,\"file_name\":\"150-upload_2.png\"},{\"option_value\":\"D\",\"optionl2_value\":\"\",\"has_file\":1,\"file_name\":\"150-upload_3.png\"}]', 1, '4', 5, 30, 'easy', '', '', NULL, 1, '2019-06-12 05:34:51', '2019-06-12 05:34:51', '', '', NULL);

-- --------------------------------------------------------

--
-- Struktur dari tabel `questionbank_quizzes`
--

CREATE TABLE `questionbank_quizzes` (
  `id` int(10) UNSIGNED NOT NULL,
  `questionbank_id` bigint(20) UNSIGNED NOT NULL,
  `quize_id` bigint(20) UNSIGNED NOT NULL,
  `subject_id` bigint(20) UNSIGNED NOT NULL,
  `marks` int(11) NOT NULL,
  `created_at` timestamp NULL DEFAULT NULL,
  `updated_at` timestamp NULL DEFAULT NULL
) ENGINE=InnoDB DEFAULT CHARSET=utf8 COLLATE=utf8_unicode_ci ROW_FORMAT=DYNAMIC;

--
-- Dumping data untuk tabel `questionbank_quizzes`
--

INSERT INTO `questionbank_quizzes` (`id`, `questionbank_id`, `quize_id`, `subject_id`, `marks`, `created_at`, `updated_at`) VALUES
(249, 70, 11, 5, 2, NULL, NULL),
(250, 71, 11, 5, 2, NULL, NULL),
(251, 72, 11, 5, 2, NULL, NULL),
(252, 92, 11, 5, 2, NULL, NULL),
(253, 93, 11, 5, 2, NULL, NULL),
(254, 91, 11, 5, 2, NULL, NULL),
(255, 90, 11, 5, 2, NULL, NULL),
(256, 95, 11, 5, 2, NULL, NULL),
(257, 97, 11, 5, 2, NULL, NULL),
(258, 98, 11, 5, 2, NULL, NULL),
(259, 99, 11, 5, 2, NULL, NULL),
(260, 70, 12, 5, 2, NULL, NULL),
(261, 71, 12, 5, 2, NULL, NULL),
(262, 72, 12, 5, 2, NULL, NULL),
(263, 73, 12, 5, 2, NULL, NULL),
(264, 74, 12, 5, 2, NULL, NULL),
(265, 75, 12, 5, 2, NULL, NULL),
(266, 76, 12, 5, 2, NULL, NULL),
(267, 86, 12, 5, 2, NULL, NULL),
(268, 87, 12, 5, 2, NULL, NULL),
(269, 88, 12, 5, 2, NULL, NULL),
(270, 89, 12, 5, 2, NULL, NULL),
(271, 90, 12, 5, 2, NULL, NULL),
(272, 91, 12, 5, 2, NULL, NULL),
(273, 92, 12, 5, 2, NULL, NULL),
(274, 105, 12, 5, 2, NULL, NULL),
(275, 106, 12, 5, 2, NULL, NULL),
(276, 107, 12, 5, 2, NULL, NULL),
(277, 108, 12, 5, 2, NULL, NULL),
(278, 109, 12, 5, 2, NULL, NULL),
(279, 110, 12, 5, 2, NULL, NULL),
(280, 70, 13, 5, 2, NULL, NULL),
(281, 71, 13, 5, 2, NULL, NULL),
(282, 72, 13, 5, 2, NULL, NULL),
(283, 73, 13, 5, 2, NULL, NULL),
(284, 74, 13, 5, 2, NULL, NULL),
(285, 75, 13, 5, 2, NULL, NULL),
(286, 76, 13, 5, 2, NULL, NULL),
(287, 77, 13, 5, 2, NULL, NULL),
(288, 78, 13, 5, 2, NULL, NULL),
(289, 79, 13, 5, 2, NULL, NULL),
(290, 80, 13, 5, 2, NULL, NULL),
(291, 81, 13, 5, 2, NULL, NULL),
(292, 82, 13, 5, 2, NULL, NULL),
(293, 83, 13, 5, 2, NULL, NULL),
(294, 84, 13, 5, 2, NULL, NULL),
(295, 85, 13, 5, 2, NULL, NULL),
(296, 86, 13, 5, 2, NULL, NULL),
(297, 70, 14, 5, 2, NULL, NULL),
(298, 71, 14, 5, 2, NULL, NULL),
(299, 72, 14, 5, 2, NULL, NULL),
(300, 73, 14, 5, 2, NULL, NULL),
(301, 74, 14, 5, 2, NULL, NULL),
(302, 75, 14, 5, 2, NULL, NULL),
(303, 76, 14, 5, 2, NULL, NULL),
(304, 77, 14, 5, 2, NULL, NULL),
(305, 78, 14, 5, 2, NULL, NULL),
(306, 79, 14, 5, 2, NULL, NULL),
(307, 80, 14, 5, 2, NULL, NULL),
(308, 81, 14, 5, 2, NULL, NULL),
(309, 82, 14, 5, 2, NULL, NULL),
(310, 83, 14, 5, 2, NULL, NULL),
(311, 84, 14, 5, 2, NULL, NULL),
(312, 85, 14, 5, 2, NULL, NULL),
(313, 86, 14, 5, 2, NULL, NULL),
(314, 2, 14, 2, 2, NULL, NULL),
(315, 3, 14, 2, 2, NULL, NULL),
(316, 4, 14, 2, 2, NULL, NULL),
(317, 5, 14, 2, 2, NULL, NULL),
(318, 6, 14, 2, 2, NULL, NULL),
(319, 7, 14, 2, 2, NULL, NULL),
(320, 8, 14, 2, 2, NULL, NULL),
(321, 9, 14, 2, 2, NULL, NULL),
(322, 10, 14, 2, 2, NULL, NULL),
(323, 11, 14, 2, 2, NULL, NULL),
(324, 12, 14, 2, 2, NULL, NULL),
(325, 13, 14, 2, 2, NULL, NULL),
(326, 14, 14, 2, 2, NULL, NULL),
(327, 15, 14, 2, 2, NULL, NULL),
(328, 16, 14, 2, 2, NULL, NULL),
(329, 17, 14, 2, 2, NULL, NULL),
(330, 18, 14, 2, 2, NULL, NULL),
(331, 19, 14, 2, 2, NULL, NULL),
(332, 20, 14, 2, 2, NULL, NULL),
(333, 1, 14, 2, 2, NULL, NULL),
(365, 70, 17, 5, 2, NULL, NULL),
(366, 71, 17, 5, 2, NULL, NULL),
(367, 72, 17, 5, 2, NULL, NULL),
(368, 73, 17, 5, 2, NULL, NULL),
(369, 74, 17, 5, 2, NULL, NULL),
(370, 75, 17, 5, 2, NULL, NULL),
(371, 76, 17, 5, 2, NULL, NULL),
(372, 77, 17, 5, 2, NULL, NULL),
(373, 78, 17, 5, 2, NULL, NULL),
(374, 79, 17, 5, 2, NULL, NULL),
(375, 80, 17, 5, 2, NULL, NULL),
(376, 81, 17, 5, 2, NULL, NULL),
(377, 82, 17, 5, 2, NULL, NULL),
(378, 83, 17, 5, 2, NULL, NULL),
(379, 84, 17, 5, 2, NULL, NULL),
(380, 85, 17, 5, 2, NULL, NULL),
(381, 86, 17, 5, 2, NULL, NULL),
(382, 87, 17, 5, 2, NULL, NULL),
(506, 69, 1, 1, 2, NULL, NULL),
(507, 65, 2, 1, 2, NULL, NULL),
(508, 66, 2, 1, 2, NULL, NULL),
(509, 67, 2, 1, 2, NULL, NULL),
(510, 68, 2, 1, 2, NULL, NULL),
(522, 70, 23, 5, 2, NULL, NULL),
(523, 71, 23, 5, 2, NULL, NULL),
(524, 72, 23, 5, 2, NULL, NULL),
(525, 73, 23, 5, 2, NULL, NULL),
(526, 74, 23, 5, 2, NULL, NULL),
(527, 75, 23, 5, 2, NULL, NULL),
(528, 76, 23, 5, 2, NULL, NULL),
(529, 77, 23, 5, 2, NULL, NULL),
(530, 78, 23, 5, 2, NULL, NULL),
(531, 79, 23, 5, 2, NULL, NULL),
(532, 80, 23, 5, 2, NULL, NULL),
(533, 70, 18, 5, 2, NULL, NULL),
(534, 71, 18, 5, 2, NULL, NULL),
(535, 72, 18, 5, 2, NULL, NULL),
(536, 73, 18, 5, 2, NULL, NULL),
(537, 74, 18, 5, 2, NULL, NULL),
(538, 75, 18, 5, 2, NULL, NULL),
(539, 76, 18, 5, 2, NULL, NULL),
(540, 77, 18, 5, 2, NULL, NULL),
(541, 78, 18, 5, 2, NULL, NULL),
(542, 79, 18, 5, 2, NULL, NULL),
(543, 80, 18, 5, 2, NULL, NULL),
(544, 81, 18, 5, 2, NULL, NULL),
(545, 82, 18, 5, 2, NULL, NULL),
(546, 83, 18, 5, 2, NULL, NULL),
(547, 84, 18, 5, 2, NULL, NULL),
(548, 85, 18, 5, 2, NULL, NULL),
(549, 86, 18, 5, 2, NULL, NULL),
(550, 87, 18, 5, 2, NULL, NULL),
(691, 1, 15, 2, 2, NULL, NULL),
(692, 2, 15, 2, 2, NULL, NULL),
(693, 3, 15, 2, 2, NULL, NULL),
(694, 4, 15, 2, 2, NULL, NULL),
(695, 5, 15, 2, 2, NULL, NULL),
(696, 6, 15, 2, 2, NULL, NULL),
(697, 7, 15, 2, 2, NULL, NULL),
(698, 9, 15, 2, 2, NULL, NULL),
(699, 10, 15, 2, 2, NULL, NULL),
(700, 11, 15, 2, 2, NULL, NULL),
(701, 12, 15, 2, 2, NULL, NULL),
(702, 13, 15, 2, 2, NULL, NULL),
(982, 4, 4, 2, 2, NULL, NULL),
(983, 17, 4, 2, 2, NULL, NULL),
(984, 18, 4, 2, 2, NULL, NULL),
(985, 19, 4, 2, 2, NULL, NULL),
(986, 20, 4, 2, 2, NULL, NULL),
(1021, 2, 8, 2, 2, NULL, NULL),
(1022, 3, 8, 2, 2, NULL, NULL),
(1023, 4, 8, 2, 2, NULL, NULL),
(1024, 5, 8, 2, 2, NULL, NULL),
(1025, 6, 8, 2, 2, NULL, NULL),
(1026, 7, 8, 2, 2, NULL, NULL),
(1027, 8, 8, 2, 2, NULL, NULL),
(1028, 9, 8, 2, 2, NULL, NULL),
(1029, 10, 8, 2, 2, NULL, NULL),
(1030, 11, 8, 2, 2, NULL, NULL),
(1031, 12, 8, 2, 2, NULL, NULL),
(1032, 13, 8, 2, 2, NULL, NULL),
(1033, 14, 8, 2, 2, NULL, NULL),
(1034, 15, 8, 2, 2, NULL, NULL),
(1035, 16, 8, 2, 2, NULL, NULL),
(1036, 17, 8, 2, 2, NULL, NULL),
(1037, 18, 8, 2, 2, NULL, NULL),
(1038, 19, 8, 2, 2, NULL, NULL),
(1112, 71, 10, 5, 2, NULL, NULL),
(1113, 72, 10, 5, 2, NULL, NULL),
(1114, 73, 10, 5, 2, NULL, NULL),
(1115, 74, 10, 5, 2, NULL, NULL),
(1116, 75, 10, 5, 2, NULL, NULL),
(1117, 76, 10, 5, 2, NULL, NULL),
(1118, 77, 10, 5, 2, NULL, NULL),
(1119, 78, 10, 5, 2, NULL, NULL),
(1120, 79, 10, 5, 2, NULL, NULL),
(1121, 80, 10, 5, 2, NULL, NULL),
(1122, 81, 10, 5, 2, NULL, NULL),
(1123, 82, 10, 5, 2, NULL, NULL),
(1124, 83, 10, 5, 2, NULL, NULL),
(1125, 84, 10, 5, 2, NULL, NULL),
(1126, 85, 10, 5, 2, NULL, NULL),
(1127, 86, 10, 5, 2, NULL, NULL),
(1128, 87, 10, 5, 2, NULL, NULL),
(1129, 88, 10, 5, 2, NULL, NULL),
(1130, 89, 10, 5, 2, NULL, NULL),
(1131, 90, 10, 5, 2, NULL, NULL),
(1845, 21, 16, 7, 2, NULL, NULL),
(1846, 22, 16, 7, 2, NULL, NULL),
(1847, 23, 16, 7, 2, NULL, NULL),
(1848, 24, 16, 7, 2, NULL, NULL),
(1849, 25, 16, 7, 2, NULL, NULL),
(1850, 26, 16, 7, 2, NULL, NULL),
(1851, 27, 16, 7, 2, NULL, NULL),
(1852, 28, 16, 7, 2, NULL, NULL),
(1853, 34, 16, 7, 2, NULL, NULL),
(1854, 35, 16, 7, 2, NULL, NULL),
(1855, 36, 16, 7, 2, NULL, NULL),
(1856, 37, 16, 7, 2, NULL, NULL),
(1857, 38, 16, 7, 2, NULL, NULL),
(1858, 29, 16, 7, 2, NULL, NULL),
(1859, 30, 16, 7, 2, NULL, NULL),
(1860, 31, 16, 7, 2, NULL, NULL),
(1861, 32, 16, 7, 2, NULL, NULL),
(1862, 33, 16, 7, 2, NULL, NULL),
(2011, 136, 22, 7, 2, NULL, NULL),
(2012, 135, 22, 7, 2, NULL, NULL),
(2013, 134, 22, 7, 2, NULL, NULL),
(2014, 133, 22, 7, 2, NULL, NULL),
(2015, 132, 22, 7, 2, NULL, NULL),
(2016, 131, 22, 7, 2, NULL, NULL),
(2017, 130, 22, 7, 2, NULL, NULL),
(2018, 129, 22, 7, 2, NULL, NULL),
(2019, 128, 22, 7, 2, NULL, NULL),
(2020, 127, 22, 7, 2, NULL, NULL),
(2021, 126, 22, 7, 2, NULL, NULL),
(2022, 125, 22, 7, 2, NULL, NULL),
(2023, 124, 22, 7, 2, NULL, NULL),
(2024, 123, 22, 7, 2, NULL, NULL),
(2025, 58, 22, 1, 2, NULL, NULL),
(2026, 60, 22, 1, 2, NULL, NULL),
(2333, 58, 2, 1, 2, NULL, NULL),
(2334, 59, 2, 1, 2, NULL, NULL),
(2335, 60, 2, 1, 2, NULL, NULL),
(2336, 61, 2, 1, 2, NULL, NULL),
(2337, 62, 2, 1, 2, NULL, NULL),
(2338, 63, 2, 1, 21, NULL, NULL),
(2339, 64, 2, 1, 2, NULL, NULL),
(2340, 65, 2, 1, 2, NULL, NULL),
(2341, 66, 2, 1, 2, NULL, NULL),
(2342, 67, 2, 1, 2, NULL, NULL),
(2343, 68, 2, 1, 2, NULL, NULL),
(2344, 69, 2, 1, 2, NULL, NULL),
(2553, 138, 21, 7, 25, NULL, NULL),
(2554, 137, 21, 7, 2, NULL, NULL),
(2555, 136, 21, 7, 2, NULL, NULL),
(2556, 135, 21, 7, 2, NULL, NULL),
(2557, 134, 21, 7, 2, NULL, NULL),
(2558, 133, 21, 7, 2, NULL, NULL),
(2559, 132, 21, 7, 2, NULL, NULL),
(2560, 131, 21, 7, 2, NULL, NULL),
(2561, 130, 21, 7, 2, NULL, NULL),
(2562, 129, 21, 7, 2, NULL, NULL),
(2563, 128, 21, 7, 2, NULL, NULL),
(2564, 127, 21, 7, 2, NULL, NULL),
(2565, 126, 21, 7, 2, NULL, NULL),
(2566, 125, 21, 7, 2, NULL, NULL),
(2623, 137, 19, 7, 2, NULL, NULL),
(2624, 136, 19, 7, 2, NULL, NULL),
(2625, 135, 19, 7, 2, NULL, NULL),
(2626, 134, 19, 7, 2, NULL, NULL),
(2627, 133, 19, 7, 2, NULL, NULL),
(2628, 132, 19, 7, 2, NULL, NULL),
(2629, 131, 19, 7, 2, NULL, NULL),
(2630, 130, 19, 7, 2, NULL, NULL),
(2631, 129, 19, 7, 2, NULL, NULL),
(2632, 128, 19, 7, 2, NULL, NULL),
(2633, 127, 19, 7, 2, NULL, NULL),
(2634, 126, 19, 7, 2, NULL, NULL),
(2635, 125, 19, 7, 2, NULL, NULL),
(2636, 124, 19, 7, 2, NULL, NULL),
(2637, 123, 19, 7, 2, NULL, NULL),
(2638, 3, 19, 2, 2, NULL, NULL),
(2639, 4, 19, 2, 2, NULL, NULL),
(2640, 6, 19, 2, 2, NULL, NULL),
(2915, 21, 20, 7, 2, NULL, NULL),
(2916, 22, 20, 7, 2, NULL, NULL),
(2917, 138, 20, 7, 25, NULL, NULL),
(2918, 137, 20, 7, 2, NULL, NULL),
(2919, 136, 20, 7, 2, NULL, NULL),
(2920, 135, 20, 7, 2, NULL, NULL),
(2921, 134, 20, 7, 2, NULL, NULL),
(2922, 133, 20, 7, 2, NULL, NULL),
(2923, 132, 20, 7, 2, NULL, NULL),
(2924, 131, 20, 7, 2, NULL, NULL),
(2925, 130, 20, 7, 2, NULL, NULL),
(2926, 129, 20, 7, 2, NULL, NULL),
(2927, 128, 20, 7, 2, NULL, NULL),
(2928, 127, 20, 7, 2, NULL, NULL),
(2929, 126, 20, 7, 2, NULL, NULL),
(2930, 125, 20, 7, 2, NULL, NULL),
(2931, 124, 20, 7, 2, NULL, NULL),
(2932, 123, 20, 7, 2, NULL, NULL),
(2933, 60, 20, 1, 2, NULL, NULL),
(2934, 70, 9, 5, 2, NULL, NULL),
(2935, 71, 9, 5, 2, NULL, NULL),
(2936, 72, 9, 5, 2, NULL, NULL),
(2937, 73, 9, 5, 2, NULL, NULL),
(2938, 74, 9, 5, 2, NULL, NULL),
(2939, 75, 9, 5, 2, NULL, NULL),
(2940, 76, 9, 5, 2, NULL, NULL),
(2941, 77, 9, 5, 2, NULL, NULL),
(2942, 78, 9, 5, 2, NULL, NULL),
(2943, 79, 9, 5, 2, NULL, NULL),
(2944, 80, 9, 5, 2, NULL, NULL),
(2945, 81, 9, 5, 2, NULL, NULL),
(2946, 82, 9, 5, 2, NULL, NULL),
(2947, 83, 9, 5, 2, NULL, NULL),
(2948, 84, 9, 5, 2, NULL, NULL),
(2949, 87, 9, 5, 2, NULL, NULL),
(2950, 88, 9, 5, 2, NULL, NULL),
(2951, 89, 9, 5, 2, NULL, NULL),
(2952, 90, 9, 5, 2, NULL, NULL),
(2953, 91, 9, 5, 2, NULL, NULL),
(2954, 92, 9, 5, 2, NULL, NULL),
(2955, 93, 9, 5, 2, NULL, NULL),
(2956, 94, 9, 5, 2, NULL, NULL),
(2957, 142, 9, 10, 2, NULL, NULL),
(2958, 86, 9, 5, 2, NULL, NULL),
(2959, 95, 9, 5, 2, NULL, NULL),
(2960, 96, 9, 5, 2, NULL, NULL),
(2961, 97, 9, 5, 2, NULL, NULL),
(3032, 31, 24, 7, 2, NULL, NULL),
(3033, 32, 24, 7, 2, NULL, NULL),
(3034, 35, 24, 7, 2, NULL, NULL),
(3035, 36, 24, 7, 2, NULL, NULL),
(3036, 37, 24, 7, 2, NULL, NULL),
(3037, 38, 24, 7, 2, NULL, NULL),
(3038, 124, 24, 7, 2, NULL, NULL),
(3039, 125, 24, 7, 2, NULL, NULL),
(3040, 126, 24, 7, 2, NULL, NULL),
(3041, 127, 24, 7, 2, NULL, NULL),
(3042, 128, 24, 7, 2, NULL, NULL),
(3043, 129, 24, 7, 2, NULL, NULL),
(3044, 130, 24, 7, 2, NULL, NULL),
(3045, 131, 24, 7, 2, NULL, NULL),
(3046, 132, 24, 7, 2, NULL, NULL),
(3047, 133, 24, 7, 2, NULL, NULL),
(3048, 134, 24, 7, 2, NULL, NULL),
(3049, 135, 24, 7, 2, NULL, NULL),
(3050, 66, 24, 1, 2, NULL, NULL),
(3051, 67, 24, 1, 2, NULL, NULL),
(3052, 62, 24, 1, 2, NULL, NULL),
(3053, 63, 24, 1, 21, NULL, NULL),
(3054, 58, 24, 1, 2, NULL, NULL),
(3055, 59, 24, 1, 2, NULL, NULL),
(3056, 39, 24, 3, 2, NULL, NULL),
(3057, 144, 24, 10, 2, NULL, NULL),
(3058, 145, 24, 10, 2, NULL, NULL),
(3059, 146, 24, 10, 2, NULL, NULL),
(3060, 147, 24, 10, 2, NULL, NULL),
(3061, 148, 24, 10, 2, NULL, NULL),
(3062, 149, 24, 10, 2, NULL, NULL),
(3063, 150, 24, 10, 5, NULL, NULL),
(3064, 142, 24, 10, 2, NULL, NULL),
(3065, 143, 24, 10, 2, NULL, NULL),
(3066, 61, 24, 1, 2, NULL, NULL),
(3067, 68, 24, 1, 2, NULL, NULL),
(3068, 17, 25, 2, 2, NULL, NULL);

-- --------------------------------------------------------

--
-- Struktur dari tabel `quizzes`
--

CREATE TABLE `quizzes` (
  `id` bigint(20) UNSIGNED NOT NULL,
  `title` varchar(255) COLLATE utf8_unicode_ci NOT NULL,
  `slug` varchar(255) COLLATE utf8_unicode_ci NOT NULL,
  `dueration` int(11) NOT NULL,
  `category_id` bigint(20) UNSIGNED NOT NULL,
  `is_paid` tinyint(4) NOT NULL DEFAULT 0,
  `cost` decimal(10,2) DEFAULT NULL,
  `validity` int(11) NOT NULL,
  `total_marks` decimal(10,2) UNSIGNED NOT NULL DEFAULT 0.00,
  `having_negative_mark` tinyint(1) NOT NULL DEFAULT 0,
  `negative_mark` decimal(10,2) NOT NULL DEFAULT 0.00,
  `pass_percentage` decimal(10,2) UNSIGNED NOT NULL DEFAULT 0.00,
  `tags` varchar(255) COLLATE utf8_unicode_ci NOT NULL,
  `publish_results_immediately` tinyint(4) NOT NULL DEFAULT 1,
  `description` text COLLATE utf8_unicode_ci NOT NULL,
  `total_questions` int(11) NOT NULL,
  `instructions_page_id` bigint(20) UNSIGNED NOT NULL,
  `start_date` date DEFAULT NULL,
  `end_date` date DEFAULT NULL,
  `record_updated_by` int(11) NOT NULL,
  `created_at` timestamp NULL DEFAULT NULL,
  `updated_at` timestamp NULL DEFAULT NULL,
  `show_in_front` tinyint(4) NOT NULL DEFAULT 0,
  `exam_type` varchar(20) COLLATE utf8_unicode_ci NOT NULL DEFAULT 'NSNT',
  `section_data` text COLLATE utf8_unicode_ci DEFAULT NULL,
  `has_language` tinyint(4) NOT NULL DEFAULT 0,
  `image` varchar(250) COLLATE utf8_unicode_ci DEFAULT NULL,
  `language_name` varchar(50) COLLATE utf8_unicode_ci DEFAULT NULL,
  `is_popular` tinyint(4) DEFAULT NULL,
  `package_id` varchar(255) COLLATE utf8_unicode_ci DEFAULT NULL
) ENGINE=InnoDB DEFAULT CHARSET=utf8 COLLATE=utf8_unicode_ci ROW_FORMAT=DYNAMIC;

--
-- Dumping data untuk tabel `quizzes`
--

INSERT INTO `quizzes` (`id`, `title`, `slug`, `dueration`, `category_id`, `is_paid`, `cost`, `validity`, `total_marks`, `having_negative_mark`, `negative_mark`, `pass_percentage`, `tags`, `publish_results_immediately`, `description`, `total_questions`, `instructions_page_id`, `start_date`, `end_date`, `record_updated_by`, `created_at`, `updated_at`, `show_in_front`, `exam_type`, `section_data`, `has_language`, `image`, `language_name`, `is_popular`, `package_id`) VALUES
(1, 'English Fundamentals', 'english-fundamentals-e04f62daebc20d472cf2a26e2228c6d4f6e0f373-20', 60, 7, 1, '50.00', 20, '10.00', 0, '0.00', '2.00', '', 1, 'What is Lorem Ipsum? Lorem Ipsum is simply dummy text of the printing and typesetting industry. Lorem Ipsum has been the industry\'s standard dummy text ever since the 1500s,', 5, 1, '2019-06-03', '2019-10-16', 1, '2018-04-03 11:59:00', '2019-06-03 11:43:10', 1, 'ST', '{\"\":{\"section_name\":\"\",\"section_time\":\"\",\"questions\":[\"69\",\"65\",\"66\",\"67\",\"68\"]}}', 0, '1-examimage.jpeg', '', 1, '27'),
(2, 'English Test - II', 'english-test-ii-29d2e121ff1c208e2c9a84266e520c3673a45794-1', 30, 7, 1, '150.00', 90, '41.00', 0, '0.00', '2.00', '', 1, 'What is Lorem Ipsum? Lorem Ipsum is simply dummy text of the printing and typesetting industry. Lorem Ipsum has been the industry\'s standard dummy text ever since the 1500s,', 11, 1, '2019-06-03', '2019-10-08', 1, '2018-04-03 12:03:02', '2019-06-03 11:51:40', 1, 'SNT', '{\"Section_1\":{\"section_name\":\"Section 1\",\"section_time\":null,\"questions\":[58,59,60,61,62,63,64,65,66,67,68]}}', 0, '2-examimage.jpeg', '', 1, '27'),
(4, 'History  Quiz', 'history-quiz-903b752583675e25a6f7569d85c2f5da42638954-6', 60, 5, 0, '0.00', -1, '40.00', 0, '0.00', '2.00', '', 1, 'What is Lorem Ipsum? Lorem Ipsum is simply dummy text of the printing and typesetting industry. Lorem Ipsum has been the industry\'s standard dummy text ever since the 1500s,', 20, 1, '2019-06-03', '2019-09-18', 1, '2018-04-03 12:08:00', '2019-06-03 11:52:30', 1, 'NSNT', '[]', 0, '4-examimage.jpeg', NULL, 1, NULL),
(7, 'Antonyms Quiz', 'antonyms-quiz-79162b6cff0edf060403ba9f8b83942fe967925a-6', 30, 6, 0, '0.00', -1, '0.00', 0, '0.00', '2.00', '', 1, '', 0, 1, '2019-06-03', '2019-10-30', 1, '2018-04-04 05:03:17', '2019-06-03 11:51:26', 1, 'NSNT', '[]', 0, '7-examimage.jpeg', NULL, 1, NULL),
(8, 'History Quiz-I', 'history-quiz-i-dbb36c717b2a546395bca4f01cf8b8e2fe763b5d-6', 30, 5, 0, '0.00', -1, '78.00', 0, '0.00', '2.00', '', 1, 'This is History Quiz', 39, 1, '2019-06-03', '2019-11-27', 1, '2018-04-04 05:35:43', '2019-06-03 11:52:49', 1, 'NSNT', '[]', 0, '8-examimage.jpeg', NULL, 1, NULL),
(9, 'Mechanics Quiz', 'mechanics-quiz-63064939929acb5c58676d3621e06368ddadb5ee-7', 30, 3, 1, '120.00', 10, '50.00', 0, '0.00', '2.00', '', 1, '', 25, 1, '2019-06-03', '2019-09-11', 1, '2018-04-04 06:03:09', '2019-06-03 11:53:19', 1, 'NSNT', '[]', 0, '9-examimage.jpeg', NULL, 1, '27'),
(10, ' Fundamentals', 'fundamentals-56514734f3af5b4c300aeb3cbde243da5f80f366-7', 30, 3, 0, '0.00', -1, '40.00', 0, '0.00', '2.00', '', 1, '', 20, 1, '2019-04-04', '2020-01-01', 1, '2018-04-04 07:07:09', '2018-04-04 07:07:31', 1, 'NSNT', '[]', 0, '10-examimage.jpeg', NULL, NULL, NULL),
(11, 'Fluid Mechanics', 'fluid-mechanics-62fd2efd2af587e03d55ae2c7e8a98fd0e02c81f-8', 60, 3, 1, '150.00', 20, '22.00', 0, '0.00', '2.00', '', 1, '', 11, 1, '2019-06-03', '2020-05-05', 1, '2018-04-04 07:08:35', '2019-06-03 11:49:51', 1, 'NSNT', '[]', 0, '11-examimage.png', NULL, 1, '27'),
(12, 'Thermodynamics', 'thermodynamics-b7d789e1b3223850cb80d3b09d70604fda2ec42f-9', 60, 3, 0, '0.00', -1, '40.00', 0, '0.00', '3.00', '', 1, '', 20, 1, '2019-06-03', '2020-05-14', 1, '2018-04-04 07:10:25', '2019-06-03 11:49:27', 1, 'NSNT', '[]', 0, '12-examimage.jpeg', NULL, 1, NULL),
(13, 'Electricity and Magnetism', 'electricity-and-magnetism-6a1f813a2716c80b8650c762a6bfc2d68561c320-10', 40, 3, 0, '0.00', -1, '34.00', 0, '0.00', '2.00', '', 1, '', 17, 1, '2019-06-03', '2019-12-26', 1, '2018-04-04 07:14:20', '2019-06-03 11:49:17', 1, 'NSNT', '[]', 0, '13-examimage.png', NULL, 1, NULL),
(14, 'Oscillations', 'oscillations-aa1e28d08e2f94a40979e15f604e7fe8571f35e3-11', 60, 3, 0, '0.00', -1, '74.00', 0, '0.00', '2.00', '', 1, '', 37, 1, '2019-06-03', '2019-11-20', 1, '2018-04-04 07:16:02', '2019-06-03 11:47:27', 1, 'NSNT', '[]', 0, '14-examimage.jpeg', NULL, 1, NULL),
(15, 'Economy', 'economy-29d86e2f5534e1ded0c75d64169d713779c61a60-20', 30, 5, 1, '100.00', 20, '26.00', 0, '0.00', '2.00', '', 1, '', 13, 1, '2019-06-03', '2019-10-17', 1, '2018-04-04 07:19:09', '2019-06-03 11:46:59', 1, 'NSNT', '[]', 0, '15-examimage.jpeg', NULL, 1, '27'),
(16, 'MATHS FORMULAS', 'maths-formulas-88fd2d154135417310e7c21a87962f6f592afb45-21', 30, 1, 1, '100.00', 30, '36.00', 0, '0.00', '2.00', '', 1, '', 18, 1, '2019-06-03', '2019-09-18', 1, '2018-04-04 07:45:17', '2019-06-04 05:05:23', 1, 'ST', '{\"Easy\":{\"section_name\":\"Easy\",\"section_time\":\"3\",\"questions\":[21,22,23,24]},\"Medium\":{\"section_name\":\"Medium\",\"section_time\":\"4\",\"questions\":[25,26,27,28,34,35,36,37,38]},\"Hard\":{\"section_name\":\"Hard\",\"section_time\":\"3\",\"questions\":[29,30,31,32,33]}}', 0, '16-examimage.jpeg', NULL, 1, '27'),
(17, 'Physics Quiz', 'physics-quiz-3e82b03899d5bdae4a5a65ac28dda9a50dc01c6a-14', 60, 3, 1, '150.00', 30, '36.00', 0, '0.00', '2.00', '', 1, '', 18, 1, '2019-06-03', '2019-10-17', 1, '2018-04-04 07:47:34', '2019-06-03 11:47:52', 0, 'SNT', '{\"Easy\":{\"section_name\":\"Easy\",\"section_time\":null,\"questions\":[70,71,72,73,74,75]},\"Medium\":{\"section_name\":\"Medium\",\"section_time\":null,\"questions\":[76,77,78,79]},\"Hard\":{\"section_name\":\"Hard\",\"section_time\":null,\"questions\":[80,81,82,83,84,85,86,87]}}', 0, NULL, NULL, 1, '27'),
(18, 'Physics Quiz -I', 'physics-quiz-i-5bf708f08c36509d5f75af71bfa3f5a4cb119336-15', 30, 3, 1, '200.00', 20, '36.00', 0, '0.00', '2.00', '', 1, '', 18, 1, '2019-06-03', '2024-10-16', 1, '2018-04-04 09:32:42', '2019-06-03 11:46:05', 1, 'ST', '{\"Section_1\":{\"section_name\":\"Section 1\",\"section_time\":\"3\",\"questions\":[70,71,72,73,74,75,76,77,78,79,80,81,82,83,84,85,86,87]}}', 0, NULL, NULL, 1, '27'),
(19, 'REASONING', 'reasoning-c4127f5c6943b5eb0e2ade7e7d78701f7f8872a2-21', 30, 1, 0, '0.00', -1, '55.00', 0, '0.00', '2.00', '', 1, '', 16, 1, '2019-06-03', '2019-09-19', 1, '2018-04-04 11:39:10', '2019-06-04 05:05:52', 1, 'NSNT', '[]', 1, '19-examimage.png', 'Hindi', 1, NULL),
(20, 'ALGEBRA', 'algebra-15153191d63ddf2a0f957c54c8706784de9c1b77-21', 30, 1, 1, '75.00', 10, '59.00', 0, '0.00', '3.00', '', 1, '', 18, 1, '2019-06-03', '2019-10-24', 1, '2018-04-04 11:47:23', '2019-06-04 05:06:15', 1, 'NSNT', '[]', 1, '20-examimage.jpeg', 'Hindi', 1, '27'),
(21, 'NUMBER SERIES', 'number-series-71deca59c162ea06cd63b2c7378521f2a4077400-21', 60, 1, 1, '100.00', 20, '51.00', 0, '0.00', '2.00', '', 1, '', 14, 1, '2019-06-03', '2019-09-19', 1, '2018-04-04 11:51:07', '2019-06-04 05:06:41', 1, 'NSNT', '[]', 1, '21-examimage.jpeg', 'Hindi', 1, '27'),
(22, 'REASONING - I ', 'reasoning-i-1c6d37990821d67793d48653346718fbab65b318-21', 50, 1, 0, '0.00', -1, '55.00', 0, '0.00', '3.00', '', 1, '', 16, 1, '2019-06-03', '2019-09-11', 1, '2018-04-04 11:59:48', '2019-06-04 05:07:07', 1, 'NSNT', '[]', 1, '22-examimage.jpeg', 'Hindi', 1, NULL),
(23, 'Chemistry Basics', 'chemistry-basics-3c5a73f893b391c74ecf1cb37c7432208661883b-20', 50, 4, 0, '0.00', -1, '22.00', 0, '0.00', '2.00', '', 1, '', 11, 1, '2019-06-03', '2019-10-17', 1, '2018-04-04 13:50:27', '2019-06-03 11:40:05', 1, 'NSNT', '[]', 0, '23-examimage.png', NULL, 0, NULL),
(24, 'MATHJAX TEST', 'mathjax-test-b0b9c23961f1406914f5199afd972b33c84d3265-21', 30, 1, 0, '0.00', -1, '94.00', 0, '0.00', '5.00', '', 1, '', 36, 1, '2019-06-04', '2019-12-20', 1, '2019-06-04 04:25:22', '2023-05-04 04:46:49', 1, 'NSNT', '[]', 0, '24-examimage.jpeg', NULL, 1, NULL),
(25, 'yessssssss', 'yessssssss-70e29a3141287bb98881e04e2e9c3c2503d8b7d4', 100, 1, 0, '0.00', -1, '2.00', 1, '1.00', '10.00', '', 1, 'dddd', 1, 1, '2023-05-04', '2023-06-04', 1, '2023-05-04 05:36:17', '2023-05-04 05:36:37', 0, 'ST', '{\"Section_1\":{\"section_name\":\"Section 1\",\"section_time\":\"3\",\"questions\":[17]}}', 0, NULL, NULL, 1, NULL);

--
-- Indexes for dumped tables
--

--
-- Indeks untuk tabel `questionbank`
--
ALTER TABLE `questionbank`
  ADD PRIMARY KEY (`id`) USING BTREE,
  ADD KEY `subject_id` (`subject_id`) USING BTREE,
  ADD KEY `topic_id` (`topic_id`) USING BTREE;

--
-- Indeks untuk tabel `questionbank_quizzes`
--
ALTER TABLE `questionbank_quizzes`
  ADD PRIMARY KEY (`id`) USING BTREE,
  ADD KEY `questionbank_quizzes_questionbank_id_foreign` (`questionbank_id`) USING BTREE,
  ADD KEY `quize_id` (`quize_id`) USING BTREE,
  ADD KEY `subject_id` (`subject_id`) USING BTREE;

--
-- Indeks untuk tabel `quizzes`
--
ALTER TABLE `quizzes`
  ADD PRIMARY KEY (`id`) USING BTREE,
  ADD UNIQUE KEY `quizzes_slug_unique` (`slug`) USING BTREE;

--
-- AUTO_INCREMENT untuk tabel yang dibuang
--

--
-- AUTO_INCREMENT untuk tabel `questionbank`
--
ALTER TABLE `questionbank`
  MODIFY `id` bigint(20) UNSIGNED NOT NULL AUTO_INCREMENT, AUTO_INCREMENT=151;

--
-- AUTO_INCREMENT untuk tabel `questionbank_quizzes`
--
ALTER TABLE `questionbank_quizzes`
  MODIFY `id` int(10) UNSIGNED NOT NULL AUTO_INCREMENT, AUTO_INCREMENT=3069;

--
-- AUTO_INCREMENT untuk tabel `quizzes`
--
ALTER TABLE `quizzes`
  MODIFY `id` bigint(20) UNSIGNED NOT NULL AUTO_INCREMENT, AUTO_INCREMENT=26;

--
-- Ketidakleluasaan untuk tabel pelimpahan (Dumped Tables)
--

--
-- Ketidakleluasaan untuk tabel `questionbank`
--
ALTER TABLE `questionbank`
  ADD CONSTRAINT `questionbank_ibfk_1` FOREIGN KEY (`subject_id`) REFERENCES `subjects` (`id`),
  ADD CONSTRAINT `questionbank_ibfk_2` FOREIGN KEY (`topic_id`) REFERENCES `topics` (`id`);

--
-- Ketidakleluasaan untuk tabel `questionbank_quizzes`
--
ALTER TABLE `questionbank_quizzes`
  ADD CONSTRAINT `questionbank_quizzes_ibfk_1` FOREIGN KEY (`questionbank_id`) REFERENCES `questionbank` (`id`),
  ADD CONSTRAINT `questionbank_quizzes_ibfk_2` FOREIGN KEY (`subject_id`) REFERENCES `subjects` (`id`),
  ADD CONSTRAINT `questionbank_quizzes_ibfk_3` FOREIGN KEY (`quize_id`) REFERENCES `quizzes` (`id`) ON DELETE CASCADE ON UPDATE CASCADE;
COMMIT;

/*!40101 SET CHARACTER_SET_CLIENT=@OLD_CHARACTER_SET_CLIENT */;
/*!40101 SET CHARACTER_SET_RESULTS=@OLD_CHARACTER_SET_RESULTS */;
/*!40101 SET COLLATION_CONNECTION=@OLD_COLLATION_CONNECTION */;
